feature_index,filename,filepath,label,class_name,split
0,IM-0001-0001.jpeg,C:\Users\lohit\Downloads\archive\chest_xray\test\NORMAL\IM-0001-0001.jpeg,0,NORMAL,test
1,IM-0003-0001.jpeg,C:\Users\lohit\Downloads\archive\chest_xray\test\NORMAL\IM-0003-0001.jpeg,0,NORMAL,test
2,IM-0005-0001.jpeg,C:\Users\lohit\Downloads\archive\chest_xray\test\NORMAL\IM-0005-0001.jpeg,0,NORMAL,test
3,IM-0006-0001.jpeg,C:\Users\lohit\Downloads\archive\chest_xray\test\NORMAL\IM-0006-0001.jpeg,0,NORMAL,test
4,IM-0007-0001.jpeg,C:\Users\lohit\Downloads\archive\chest_xray\test\NORMAL\IM-0007-0001.jpeg,0,NORMAL,test
5,IM-0009-0001.jpeg,C:\Users\lohit\Downloads\archive\chest_xray\test\NORMAL\IM-0009-0001.jpeg,0,NORMAL,test
6,IM-0010-0001.jpeg,C:\Users\lohit\Downloads\archive\chest_xray\test\NORMAL\IM-0010-0001.jpeg,0,NORMAL,test
7,IM-0011-0001-0001.jpeg,C:\Users\lohit\Downloads\archive\chest_xray\test\NORMAL\IM-0011-0001-0001.jpeg,0,NORMAL,test
8,IM-0011-0001-0002.jpeg,C:\Users\lohit\Downloads\archive\chest_xray\test\NORMAL\IM-0011-0001-0002.jpeg,0,NORMAL,test
9,IM-0011-0001.jpeg,C:\Users\lohit\Downloads\archive\chest_xray\test\NORMAL\IM-0011-0001.jpeg,0,NORMAL,test
10,IM-0013-0001.jpeg,C:\Users\lohit\Downloads\archive\chest_xray\test\NORMAL\IM-0013-0001.jpeg,0,NORMAL,test
11,IM-0015-0001.jpeg,C:\Users\lohit\Downloads\archive\chest_xray\test\NORMAL\IM-0015-0001.jpeg,0,NORMAL,test
12,IM-0016-0001.jpeg,C:\Users\lohit\Downloads\archive\chest_xray\test\NORMAL\IM-0016-0001.jpeg,0,NORMAL,test
13,IM-0017-0001.jpeg,C:\Users\lohit\Downloads\archive\chest_xray\test\NORMAL\IM-0017-0001.jpeg,0,NORMAL,test
14,IM-0019-0001.jpeg,C:\Users\lohit\Downloads\archive\chest_xray\test\NORMAL\IM-0019-0001.jpeg,0,NORMAL,test
15,IM-0021-0001.jpeg,C:\Users\lohit\Downloads\archive\chest_xray\test\NORMAL\IM-0021-0001.jpeg,0,NORMAL,test
16,IM-0022-0001.jpeg,C:\Users\lohit\Downloads\archive\chest_xray\test\NORMAL\IM-0022-0001.jpeg,0,NORMAL,test
17,IM-0023-0001.jpeg,C:\Users\lohit\Downloads\archive\chest_xray\test\NORMAL\IM-0023-0001.jpeg,0,NORMAL,test
18,IM-0025-0001.jpeg,C:\Users\lohit\Downloads\archive\chest_xray\test\NORMAL\IM-0025-0001.jpeg,0,NORMAL,test
19,IM-0027-0001.jpeg,C:\Users\lohit\Downloads\archive\chest_xray\test\NORMAL\IM-0027-0001.jpeg,0,NORMAL,test
20,IM-0028-0001.jpeg,C:\Users\lohit\Downloads\archive\chest_xray\test\NORMAL\IM-0028-0001.jpeg,0,NORMAL,test
21,IM-0029-0001.jpeg,C:\Users\lohit\Downloads\archive\chest_xray\test\NORMAL\IM-0029-0001.jpeg,0,NORMAL,test
22,IM-0030-0001.jpeg,C:\Users\lohit\Downloads\archive\chest_xray\test\NORMAL\IM-0030-0001.jpeg,0,NORMAL,test
23,IM-0031-0001.jpeg,C:\Users\lohit\Downloads\archive\chest_xray\test\NORMAL\IM-0031-0001.jpeg,0,NORMAL,test
24,IM-0033-0001-0001.jpeg,C:\Users\lohit\Downloads\archive\chest_xray\test\NORMAL\IM-0033-0001-0001.jpeg,0,NORMAL,test
25,IM-0033-0001-0002.jpeg,C:\Users\lohit\Downloads\archive\chest_xray\test\NORMAL\IM-0033-0001-0002.jpeg,0,NORMAL,test
26,IM-0033-0001.jpeg,C:\Users\lohit\Downloads\archive\chest_xray\test\NORMAL\IM-0033-0001.jpeg,0,NORMAL,test
27,IM-0035-0001.jpeg,C:\Users\lohit\Downloads\archive\chest_xray\test\NORMAL\IM-0035-0001.jpeg,0,NORMAL,test
28,IM-0036-0001.jpeg,C:\Users\lohit\Downloads\archive\chest_xray\test\NORMAL\IM-0036-0001.jpeg,0,NORMAL,test
29,IM-0037-0001.jpeg,C:\Users\lohit\Downloads\archive\chest_xray\test\NORMAL\IM-0037-0001.jpeg,0,NORMAL,test
30,IM-0039-0001.jpeg,C:\Users\lohit\Downloads\archive\chest_xray\test\NORMAL\IM-0039-0001.jpeg,0,NORMAL,test
31,IM-0041-0001.jpeg,C:\Users\lohit\Downloads\archive\chest_xray\test\NORMAL\IM-0041-0001.jpeg,0,NORMAL,test
32,IM-0043-0001.jpeg,C:\Users\lohit\Downloads\archive\chest_xray\test\NORMAL\IM-0043-0001.jpeg,0,NORMAL,test
33,IM-0045-0001.jpeg,C:\Users\lohit\Downloads\archive\chest_xray\test\NORMAL\IM-0045-0001.jpeg,0,NORMAL,test
34,IM-0046-0001.jpeg,C:\Users\lohit\Downloads\archive\chest_xray\test\NORMAL\IM-0046-0001.jpeg,0,NORMAL,test
35,IM-0049-0001.jpeg,C:\Users\lohit\Downloads\archive\chest_xray\test\NORMAL\IM-0049-0001.jpeg,0,NORMAL,test
36,IM-0050-0001.jpeg,C:\Users\lohit\Downloads\archive\chest_xray\test\NORMAL\IM-0050-0001.jpeg,0,NORMAL,test
37,IM-0059-0001.jpeg,C:\Users\lohit\Downloads\archive\chest_xray\test\NORMAL\IM-0059-0001.jpeg,0,NORMAL,test
38,IM-0061-0001.jpeg,C:\Users\lohit\Downloads\archive\chest_xray\test\NORMAL\IM-0061-0001.jpeg,0,NORMAL,test
39,IM-0063-0001.jpeg,C:\Users\lohit\Downloads\archive\chest_xray\test\NORMAL\IM-0063-0001.jpeg,0,NORMAL,test
40,IM-0065-0001.jpeg,C:\Users\lohit\Downloads\archive\chest_xray\test\NORMAL\IM-0065-0001.jpeg,0,NORMAL,test
41,IM-0067-0001.jpeg,C:\Users\lohit\Downloads\archive\chest_xray\test\NORMAL\IM-0067-0001.jpeg,0,NORMAL,test
42,IM-0069-0001.jpeg,C:\Users\lohit\Downloads\archive\chest_xray\test\NORMAL\IM-0069-0001.jpeg,0,NORMAL,test
43,IM-0070-0001.jpeg,C:\Users\lohit\Downloads\archive\chest_xray\test\NORMAL\IM-0070-0001.jpeg,0,NORMAL,test
44,IM-0071-0001.jpeg,C:\Users\lohit\Downloads\archive\chest_xray\test\NORMAL\IM-0071-0001.jpeg,0,NORMAL,test
45,IM-0073-0001.jpeg,C:\Users\lohit\Downloads\archive\chest_xray\test\NORMAL\IM-0073-0001.jpeg,0,NORMAL,test
46,IM-0075-0001.jpeg,C:\Users\lohit\Downloads\archive\chest_xray\test\NORMAL\IM-0075-0001.jpeg,0,NORMAL,test
47,IM-0077-0001.jpeg,C:\Users\lohit\Downloads\archive\chest_xray\test\NORMAL\IM-0077-0001.jpeg,0,NORMAL,test
48,IM-0079-0001.jpeg,C:\Users\lohit\Downloads\archive\chest_xray\test\NORMAL\IM-0079-0001.jpeg,0,NORMAL,test
49,IM-0081-0001.jpeg,C:\Users\lohit\Downloads\archive\chest_xray\test\NORMAL\IM-0081-0001.jpeg,0,NORMAL,test
50,IM-0083-0001.jpeg,C:\Users\lohit\Downloads\archive\chest_xray\test\NORMAL\IM-0083-0001.jpeg,0,NORMAL,test
51,IM-0084-0001.jpeg,C:\Users\lohit\Downloads\archive\chest_xray\test\NORMAL\IM-0084-0001.jpeg,0,NORMAL,test
52,IM-0085-0001.jpeg,C:\Users\lohit\Downloads\archive\chest_xray\test\NORMAL\IM-0085-0001.jpeg,0,NORMAL,test
53,IM-0086-0001.jpeg,C:\Users\lohit\Downloads\archive\chest_xray\test\NORMAL\IM-0086-0001.jpeg,0,NORMAL,test
54,IM-0087-0001.jpeg,C:\Users\lohit\Downloads\archive\chest_xray\test\NORMAL\IM-0087-0001.jpeg,0,NORMAL,test
55,IM-0089-0001.jpeg,C:\Users\lohit\Downloads\archive\chest_xray\test\NORMAL\IM-0089-0001.jpeg,0,NORMAL,test
56,IM-0091-0001.jpeg,C:\Users\lohit\Downloads\archive\chest_xray\test\NORMAL\IM-0091-0001.jpeg,0,NORMAL,test
57,IM-0093-0001.jpeg,C:\Users\lohit\Downloads\archive\chest_xray\test\NORMAL\IM-0093-0001.jpeg,0,NORMAL,test
58,IM-0095-0001.jpeg,C:\Users\lohit\Downloads\archive\chest_xray\test\NORMAL\IM-0095-0001.jpeg,0,NORMAL,test
59,IM-0097-0001.jpeg,C:\Users\lohit\Downloads\archive\chest_xray\test\NORMAL\IM-0097-0001.jpeg,0,NORMAL,test
60,IM-0099-0001.jpeg,C:\Users\lohit\Downloads\archive\chest_xray\test\NORMAL\IM-0099-0001.jpeg,0,NORMAL,test
61,IM-0101-0001.jpeg,C:\Users\lohit\Downloads\archive\chest_xray\test\NORMAL\IM-0101-0001.jpeg,0,NORMAL,test
62,IM-0102-0001.jpeg,C:\Users\lohit\Downloads\archive\chest_xray\test\NORMAL\IM-0102-0001.jpeg,0,NORMAL,test
63,IM-0103-0001.jpeg,C:\Users\lohit\Downloads\archive\chest_xray\test\NORMAL\IM-0103-0001.jpeg,0,NORMAL,test
64,IM-0105-0001.jpeg,C:\Users\lohit\Downloads\archive\chest_xray\test\NORMAL\IM-0105-0001.jpeg,0,NORMAL,test
65,IM-0107-0001.jpeg,C:\Users\lohit\Downloads\archive\chest_xray\test\NORMAL\IM-0107-0001.jpeg,0,NORMAL,test
66,IM-0109-0001.jpeg,C:\Users\lohit\Downloads\archive\chest_xray\test\NORMAL\IM-0109-0001.jpeg,0,NORMAL,test
67,IM-0110-0001.jpeg,C:\Users\lohit\Downloads\archive\chest_xray\test\NORMAL\IM-0110-0001.jpeg,0,NORMAL,test
68,IM-0111-0001.jpeg,C:\Users\lohit\Downloads\archive\chest_xray\test\NORMAL\IM-0111-0001.jpeg,0,NORMAL,test
69,NORMAL2-IM-0007-0001.jpeg,C:\Users\lohit\Downloads\archive\chest_xray\test\NORMAL\NORMAL2-IM-0007-0001.jpeg,0,NORMAL,test
70,NORMAL2-IM-0012-0001.jpeg,C:\Users\lohit\Downloads\archive\chest_xray\test\NORMAL\NORMAL2-IM-0012-0001.jpeg,0,NORMAL,test
71,NORMAL2-IM-0013-0001.jpeg,C:\Users\lohit\Downloads\archive\chest_xray\test\NORMAL\NORMAL2-IM-0013-0001.jpeg,0,NORMAL,test
72,NORMAL2-IM-0019-0001.jpeg,C:\Users\lohit\Downloads\archive\chest_xray\test\NORMAL\NORMAL2-IM-0019-0001.jpeg,0,NORMAL,test
73,NORMAL2-IM-0023-0001.jpeg,C:\Users\lohit\Downloads\archive\chest_xray\test\NORMAL\NORMAL2-IM-0023-0001.jpeg,0,NORMAL,test
74,NORMAL2-IM-0027-0001.jpeg,C:\Users\lohit\Downloads\archive\chest_xray\test\NORMAL\NORMAL2-IM-0027-0001.jpeg,0,NORMAL,test
75,NORMAL2-IM-0028-0001.jpeg,C:\Users\lohit\Downloads\archive\chest_xray\test\NORMAL\NORMAL2-IM-0028-0001.jpeg,0,NORMAL,test
76,NORMAL2-IM-0029-0001.jpeg,C:\Users\lohit\Downloads\archive\chest_xray\test\NORMAL\NORMAL2-IM-0029-0001.jpeg,0,NORMAL,test
77,NORMAL2-IM-0030-0001.jpeg,C:\Users\lohit\Downloads\archive\chest_xray\test\NORMAL\NORMAL2-IM-0030-0001.jpeg,0,NORMAL,test
78,NORMAL2-IM-0033-0001.jpeg,C:\Users\lohit\Downloads\archive\chest_xray\test\NORMAL\NORMAL2-IM-0033-0001.jpeg,0,NORMAL,test
79,NORMAL2-IM-0035-0001.jpeg,C:\Users\lohit\Downloads\archive\chest_xray\test\NORMAL\NORMAL2-IM-0035-0001.jpeg,0,NORMAL,test
80,NORMAL2-IM-0041-0001.jpeg,C:\Users\lohit\Downloads\archive\chest_xray\test\NORMAL\NORMAL2-IM-0041-0001.jpeg,0,NORMAL,test
81,NORMAL2-IM-0045-0001.jpeg,C:\Users\lohit\Downloads\archive\chest_xray\test\NORMAL\NORMAL2-IM-0045-0001.jpeg,0,NORMAL,test
82,NORMAL2-IM-0051-0001.jpeg,C:\Users\lohit\Downloads\archive\chest_xray\test\NORMAL\NORMAL2-IM-0051-0001.jpeg,0,NORMAL,test
83,NORMAL2-IM-0052-0001.jpeg,C:\Users\lohit\Downloads\archive\chest_xray\test\NORMAL\NORMAL2-IM-0052-0001.jpeg,0,NORMAL,test
84,NORMAL2-IM-0058-0001.jpeg,C:\Users\lohit\Downloads\archive\chest_xray\test\NORMAL\NORMAL2-IM-0058-0001.jpeg,0,NORMAL,test
85,NORMAL2-IM-0059-0001.jpeg,C:\Users\lohit\Downloads\archive\chest_xray\test\NORMAL\NORMAL2-IM-0059-0001.jpeg,0,NORMAL,test
86,NORMAL2-IM-0060-0001.jpeg,C:\Users\lohit\Downloads\archive\chest_xray\test\NORMAL\NORMAL2-IM-0060-0001.jpeg,0,NORMAL,test
87,NORMAL2-IM-0066-0001.jpeg,C:\Users\lohit\Downloads\archive\chest_xray\test\NORMAL\NORMAL2-IM-0066-0001.jpeg,0,NORMAL,test
88,NORMAL2-IM-0072-0001.jpeg,C:\Users\lohit\Downloads\archive\chest_xray\test\NORMAL\NORMAL2-IM-0072-0001.jpeg,0,NORMAL,test
89,NORMAL2-IM-0073-0001.jpeg,C:\Users\lohit\Downloads\archive\chest_xray\test\NORMAL\NORMAL2-IM-0073-0001.jpeg,0,NORMAL,test
90,NORMAL2-IM-0079-0001.jpeg,C:\Users\lohit\Downloads\archive\chest_xray\test\NORMAL\NORMAL2-IM-0079-0001.jpeg,0,NORMAL,test
91,NORMAL2-IM-0081-0001.jpeg,C:\Users\lohit\Downloads\archive\chest_xray\test\NORMAL\NORMAL2-IM-0081-0001.jpeg,0,NORMAL,test
92,NORMAL2-IM-0086-0001.jpeg,C:\Users\lohit\Downloads\archive\chest_xray\test\NORMAL\NORMAL2-IM-0086-0001.jpeg,0,NORMAL,test
93,NORMAL2-IM-0092-0001.jpeg,C:\Users\lohit\Downloads\archive\chest_xray\test\NORMAL\NORMAL2-IM-0092-0001.jpeg,0,NORMAL,test
94,NORMAL2-IM-0095-0001.jpeg,C:\Users\lohit\Downloads\archive\chest_xray\test\NORMAL\NORMAL2-IM-0095-0001.jpeg,0,NORMAL,test
95,NORMAL2-IM-0096-0001.jpeg,C:\Users\lohit\Downloads\archive\chest_xray\test\NORMAL\NORMAL2-IM-0096-0001.jpeg,0,NORMAL,test
96,NORMAL2-IM-0098-0001.jpeg,C:\Users\lohit\Downloads\archive\chest_xray\test\NORMAL\NORMAL2-IM-0098-0001.jpeg,0,NORMAL,test
97,NORMAL2-IM-0102-0001.jpeg,C:\Users\lohit\Downloads\archive\chest_xray\test\NORMAL\NORMAL2-IM-0102-0001.jpeg,0,NORMAL,test
98,NORMAL2-IM-0105-0001.jpeg,C:\Users\lohit\Downloads\archive\chest_xray\test\NORMAL\NORMAL2-IM-0105-0001.jpeg,0,NORMAL,test
99,NORMAL2-IM-0107-0001.jpeg,C:\Users\lohit\Downloads\archive\chest_xray\test\NORMAL\NORMAL2-IM-0107-0001.jpeg,0,NORMAL,test
100,NORMAL2-IM-0110-0001.jpeg,C:\Users\lohit\Downloads\archive\chest_xray\test\NORMAL\NORMAL2-IM-0110-0001.jpeg,0,NORMAL,test
101,NORMAL2-IM-0111-0001.jpeg,C:\Users\lohit\Downloads\archive\chest_xray\test\NORMAL\NORMAL2-IM-0111-0001.jpeg,0,NORMAL,test
102,NORMAL2-IM-0112-0001.jpeg,C:\Users\lohit\Downloads\archive\chest_xray\test\NORMAL\NORMAL2-IM-0112-0001.jpeg,0,NORMAL,test
103,NORMAL2-IM-0117-0001.jpeg,C:\Users\lohit\Downloads\archive\chest_xray\test\NORMAL\NORMAL2-IM-0117-0001.jpeg,0,NORMAL,test
104,NORMAL2-IM-0120-0001.jpeg,C:\Users\lohit\Downloads\archive\chest_xray\test\NORMAL\NORMAL2-IM-0120-0001.jpeg,0,NORMAL,test
105,NORMAL2-IM-0123-0001.jpeg,C:\Users\lohit\Downloads\archive\chest_xray\test\NORMAL\NORMAL2-IM-0123-0001.jpeg,0,NORMAL,test
106,NORMAL2-IM-0129-0001.jpeg,C:\Users\lohit\Downloads\archive\chest_xray\test\NORMAL\NORMAL2-IM-0129-0001.jpeg,0,NORMAL,test
107,NORMAL2-IM-0130-0001.jpeg,C:\Users\lohit\Downloads\archive\chest_xray\test\NORMAL\NORMAL2-IM-0130-0001.jpeg,0,NORMAL,test
108,NORMAL2-IM-0131-0001.jpeg,C:\Users\lohit\Downloads\archive\chest_xray\test\NORMAL\NORMAL2-IM-0131-0001.jpeg,0,NORMAL,test
109,NORMAL2-IM-0132-0001.jpeg,C:\Users\lohit\Downloads\archive\chest_xray\test\NORMAL\NORMAL2-IM-0132-0001.jpeg,0,NORMAL,test
110,NORMAL2-IM-0135-0001.jpeg,C:\Users\lohit\Downloads\archive\chest_xray\test\NORMAL\NORMAL2-IM-0135-0001.jpeg,0,NORMAL,test
111,NORMAL2-IM-0139-0001.jpeg,C:\Users\lohit\Downloads\archive\chest_xray\test\NORMAL\NORMAL2-IM-0139-0001.jpeg,0,NORMAL,test
112,NORMAL2-IM-0141-0001.jpeg,C:\Users\lohit\Downloads\archive\chest_xray\test\NORMAL\NORMAL2-IM-0141-0001.jpeg,0,NORMAL,test
113,NORMAL2-IM-0145-0001.jpeg,C:\Users\lohit\Downloads\archive\chest_xray\test\NORMAL\NORMAL2-IM-0145-0001.jpeg,0,NORMAL,test
114,NORMAL2-IM-0146-0001.jpeg,C:\Users\lohit\Downloads\archive\chest_xray\test\NORMAL\NORMAL2-IM-0146-0001.jpeg,0,NORMAL,test
115,NORMAL2-IM-0150-0001.jpeg,C:\Users\lohit\Downloads\archive\chest_xray\test\NORMAL\NORMAL2-IM-0150-0001.jpeg,0,NORMAL,test
116,NORMAL2-IM-0171-0001.jpeg,C:\Users\lohit\Downloads\archive\chest_xray\test\NORMAL\NORMAL2-IM-0171-0001.jpeg,0,NORMAL,test
117,NORMAL2-IM-0173-0001-0001.jpeg,C:\Users\lohit\Downloads\archive\chest_xray\test\NORMAL\NORMAL2-IM-0173-0001-0001.jpeg,0,NORMAL,test
118,NORMAL2-IM-0173-0001-0002.jpeg,C:\Users\lohit\Downloads\archive\chest_xray\test\NORMAL\NORMAL2-IM-0173-0001-0002.jpeg,0,NORMAL,test
119,NORMAL2-IM-0195-0001.jpeg,C:\Users\lohit\Downloads\archive\chest_xray\test\NORMAL\NORMAL2-IM-0195-0001.jpeg,0,NORMAL,test
120,NORMAL2-IM-0196-0001.jpeg,C:\Users\lohit\Downloads\archive\chest_xray\test\NORMAL\NORMAL2-IM-0196-0001.jpeg,0,NORMAL,test
121,NORMAL2-IM-0198-0001.jpeg,C:\Users\lohit\Downloads\archive\chest_xray\test\NORMAL\NORMAL2-IM-0198-0001.jpeg,0,NORMAL,test
122,NORMAL2-IM-0199-0001.jpeg,C:\Users\lohit\Downloads\archive\chest_xray\test\NORMAL\NORMAL2-IM-0199-0001.jpeg,0,NORMAL,test
123,NORMAL2-IM-0201-0001.jpeg,C:\Users\lohit\Downloads\archive\chest_xray\test\NORMAL\NORMAL2-IM-0201-0001.jpeg,0,NORMAL,test
124,NORMAL2-IM-0206-0001.jpeg,C:\Users\lohit\Downloads\archive\chest_xray\test\NORMAL\NORMAL2-IM-0206-0001.jpeg,0,NORMAL,test
125,NORMAL2-IM-0207-0001.jpeg,C:\Users\lohit\Downloads\archive\chest_xray\test\NORMAL\NORMAL2-IM-0207-0001.jpeg,0,NORMAL,test
126,NORMAL2-IM-0210-0001.jpeg,C:\Users\lohit\Downloads\archive\chest_xray\test\NORMAL\NORMAL2-IM-0210-0001.jpeg,0,NORMAL,test
127,NORMAL2-IM-0213-0001.jpeg,C:\Users\lohit\Downloads\archive\chest_xray\test\NORMAL\NORMAL2-IM-0213-0001.jpeg,0,NORMAL,test
128,NORMAL2-IM-0217-0001.jpeg,C:\Users\lohit\Downloads\archive\chest_xray\test\NORMAL\NORMAL2-IM-0217-0001.jpeg,0,NORMAL,test
129,NORMAL2-IM-0219-0001.jpeg,C:\Users\lohit\Downloads\archive\chest_xray\test\NORMAL\NORMAL2-IM-0219-0001.jpeg,0,NORMAL,test
130,NORMAL2-IM-0221-0001.jpeg,C:\Users\lohit\Downloads\archive\chest_xray\test\NORMAL\NORMAL2-IM-0221-0001.jpeg,0,NORMAL,test
131,NORMAL2-IM-0222-0001.jpeg,C:\Users\lohit\Downloads\archive\chest_xray\test\NORMAL\NORMAL2-IM-0222-0001.jpeg,0,NORMAL,test
132,NORMAL2-IM-0229-0001.jpeg,C:\Users\lohit\Downloads\archive\chest_xray\test\NORMAL\NORMAL2-IM-0229-0001.jpeg,0,NORMAL,test
133,NORMAL2-IM-0232-0001.jpeg,C:\Users\lohit\Downloads\archive\chest_xray\test\NORMAL\NORMAL2-IM-0232-0001.jpeg,0,NORMAL,test
134,NORMAL2-IM-0233-0001.jpeg,C:\Users\lohit\Downloads\archive\chest_xray\test\NORMAL\NORMAL2-IM-0233-0001.jpeg,0,NORMAL,test
135,NORMAL2-IM-0237-0001.jpeg,C:\Users\lohit\Downloads\archive\chest_xray\test\NORMAL\NORMAL2-IM-0237-0001.jpeg,0,NORMAL,test
136,NORMAL2-IM-0238-0001.jpeg,C:\Users\lohit\Downloads\archive\chest_xray\test\NORMAL\NORMAL2-IM-0238-0001.jpeg,0,NORMAL,test
137,NORMAL2-IM-0241-0001.jpeg,C:\Users\lohit\Downloads\archive\chest_xray\test\NORMAL\NORMAL2-IM-0241-0001.jpeg,0,NORMAL,test
138,NORMAL2-IM-0246-0001-0001.jpeg,C:\Users\lohit\Downloads\archive\chest_xray\test\NORMAL\NORMAL2-IM-0246-0001-0001.jpeg,0,NORMAL,test
139,NORMAL2-IM-0246-0001-0002.jpeg,C:\Users\lohit\Downloads\archive\chest_xray\test\NORMAL\NORMAL2-IM-0246-0001-0002.jpeg,0,NORMAL,test
140,NORMAL2-IM-0246-0001.jpeg,C:\Users\lohit\Downloads\archive\chest_xray\test\NORMAL\NORMAL2-IM-0246-0001.jpeg,0,NORMAL,test
141,NORMAL2-IM-0249-0001.jpeg,C:\Users\lohit\Downloads\archive\chest_xray\test\NORMAL\NORMAL2-IM-0249-0001.jpeg,0,NORMAL,test
142,NORMAL2-IM-0251-0001.jpeg,C:\Users\lohit\Downloads\archive\chest_xray\test\NORMAL\NORMAL2-IM-0251-0001.jpeg,0,NORMAL,test
143,NORMAL2-IM-0252-0001.jpeg,C:\Users\lohit\Downloads\archive\chest_xray\test\NORMAL\NORMAL2-IM-0252-0001.jpeg,0,NORMAL,test
144,NORMAL2-IM-0256-0001.jpeg,C:\Users\lohit\Downloads\archive\chest_xray\test\NORMAL\NORMAL2-IM-0256-0001.jpeg,0,NORMAL,test
145,NORMAL2-IM-0259-0001.jpeg,C:\Users\lohit\Downloads\archive\chest_xray\test\NORMAL\NORMAL2-IM-0259-0001.jpeg,0,NORMAL,test
146,NORMAL2-IM-0267-0001.jpeg,C:\Users\lohit\Downloads\archive\chest_xray\test\NORMAL\NORMAL2-IM-0267-0001.jpeg,0,NORMAL,test
147,NORMAL2-IM-0271-0001.jpeg,C:\Users\lohit\Downloads\archive\chest_xray\test\NORMAL\NORMAL2-IM-0271-0001.jpeg,0,NORMAL,test
148,NORMAL2-IM-0272-0001.jpeg,C:\Users\lohit\Downloads\archive\chest_xray\test\NORMAL\NORMAL2-IM-0272-0001.jpeg,0,NORMAL,test
149,NORMAL2-IM-0273-0001.jpeg,C:\Users\lohit\Downloads\archive\chest_xray\test\NORMAL\NORMAL2-IM-0273-0001.jpeg,0,NORMAL,test
150,NORMAL2-IM-0274-0001.jpeg,C:\Users\lohit\Downloads\archive\chest_xray\test\NORMAL\NORMAL2-IM-0274-0001.jpeg,0,NORMAL,test
151,NORMAL2-IM-0275-0001.jpeg,C:\Users\lohit\Downloads\archive\chest_xray\test\NORMAL\NORMAL2-IM-0275-0001.jpeg,0,NORMAL,test
152,NORMAL2-IM-0276-0001.jpeg,C:\Users\lohit\Downloads\archive\chest_xray\test\NORMAL\NORMAL2-IM-0276-0001.jpeg,0,NORMAL,test
153,NORMAL2-IM-0277-0001.jpeg,C:\Users\lohit\Downloads\archive\chest_xray\test\NORMAL\NORMAL2-IM-0277-0001.jpeg,0,NORMAL,test
154,NORMAL2-IM-0278-0001.jpeg,C:\Users\lohit\Downloads\archive\chest_xray\test\NORMAL\NORMAL2-IM-0278-0001.jpeg,0,NORMAL,test
155,NORMAL2-IM-0279-0001.jpeg,C:\Users\lohit\Downloads\archive\chest_xray\test\NORMAL\NORMAL2-IM-0279-0001.jpeg,0,NORMAL,test
156,NORMAL2-IM-0280-0001.jpeg,C:\Users\lohit\Downloads\archive\chest_xray\test\NORMAL\NORMAL2-IM-0280-0001.jpeg,0,NORMAL,test
157,NORMAL2-IM-0281-0001.jpeg,C:\Users\lohit\Downloads\archive\chest_xray\test\NORMAL\NORMAL2-IM-0281-0001.jpeg,0,NORMAL,test
158,NORMAL2-IM-0282-0001.jpeg,C:\Users\lohit\Downloads\archive\chest_xray\test\NORMAL\NORMAL2-IM-0282-0001.jpeg,0,NORMAL,test
159,NORMAL2-IM-0283-0001.jpeg,C:\Users\lohit\Downloads\archive\chest_xray\test\NORMAL\NORMAL2-IM-0283-0001.jpeg,0,NORMAL,test
160,NORMAL2-IM-0285-0001.jpeg,C:\Users\lohit\Downloads\archive\chest_xray\test\NORMAL\NORMAL2-IM-0285-0001.jpeg,0,NORMAL,test
161,NORMAL2-IM-0286-0001.jpeg,C:\Users\lohit\Downloads\archive\chest_xray\test\NORMAL\NORMAL2-IM-0286-0001.jpeg,0,NORMAL,test
162,NORMAL2-IM-0287-0001.jpeg,C:\Users\lohit\Downloads\archive\chest_xray\test\NORMAL\NORMAL2-IM-0287-0001.jpeg,0,NORMAL,test
163,NORMAL2-IM-0288-0001.jpeg,C:\Users\lohit\Downloads\archive\chest_xray\test\NORMAL\NORMAL2-IM-0288-0001.jpeg,0,NORMAL,test
164,NORMAL2-IM-0289-0001.jpeg,C:\Users\lohit\Downloads\archive\chest_xray\test\NORMAL\NORMAL2-IM-0289-0001.jpeg,0,NORMAL,test
165,NORMAL2-IM-0290-0001.jpeg,C:\Users\lohit\Downloads\archive\chest_xray\test\NORMAL\NORMAL2-IM-0290-0001.jpeg,0,NORMAL,test
166,NORMAL2-IM-0292-0001.jpeg,C:\Users\lohit\Downloads\archive\chest_xray\test\NORMAL\NORMAL2-IM-0292-0001.jpeg,0,NORMAL,test
167,NORMAL2-IM-0294-0001.jpeg,C:\Users\lohit\Downloads\archive\chest_xray\test\NORMAL\NORMAL2-IM-0294-0001.jpeg,0,NORMAL,test
168,NORMAL2-IM-0297-0001.jpeg,C:\Users\lohit\Downloads\archive\chest_xray\test\NORMAL\NORMAL2-IM-0297-0001.jpeg,0,NORMAL,test
169,NORMAL2-IM-0300-0001.jpeg,C:\Users\lohit\Downloads\archive\chest_xray\test\NORMAL\NORMAL2-IM-0300-0001.jpeg,0,NORMAL,test
170,NORMAL2-IM-0301-0001.jpeg,C:\Users\lohit\Downloads\archive\chest_xray\test\NORMAL\NORMAL2-IM-0301-0001.jpeg,0,NORMAL,test
171,NORMAL2-IM-0302-0001.jpeg,C:\Users\lohit\Downloads\archive\chest_xray\test\NORMAL\NORMAL2-IM-0302-0001.jpeg,0,NORMAL,test
172,NORMAL2-IM-0303-0001.jpeg,C:\Users\lohit\Downloads\archive\chest_xray\test\NORMAL\NORMAL2-IM-0303-0001.jpeg,0,NORMAL,test
173,NORMAL2-IM-0304-0001.jpeg,C:\Users\lohit\Downloads\archive\chest_xray\test\NORMAL\NORMAL2-IM-0304-0001.jpeg,0,NORMAL,test
174,NORMAL2-IM-0305-0001.jpeg,C:\Users\lohit\Downloads\archive\chest_xray\test\NORMAL\NORMAL2-IM-0305-0001.jpeg,0,NORMAL,test
175,NORMAL2-IM-0307-0001.jpeg,C:\Users\lohit\Downloads\archive\chest_xray\test\NORMAL\NORMAL2-IM-0307-0001.jpeg,0,NORMAL,test
176,NORMAL2-IM-0309-0001.jpeg,C:\Users\lohit\Downloads\archive\chest_xray\test\NORMAL\NORMAL2-IM-0309-0001.jpeg,0,NORMAL,test
177,NORMAL2-IM-0310-0001.jpeg,C:\Users\lohit\Downloads\archive\chest_xray\test\NORMAL\NORMAL2-IM-0310-0001.jpeg,0,NORMAL,test
178,NORMAL2-IM-0311-0001.jpeg,C:\Users\lohit\Downloads\archive\chest_xray\test\NORMAL\NORMAL2-IM-0311-0001.jpeg,0,NORMAL,test
179,NORMAL2-IM-0312-0001.jpeg,C:\Users\lohit\Downloads\archive\chest_xray\test\NORMAL\NORMAL2-IM-0312-0001.jpeg,0,NORMAL,test
180,NORMAL2-IM-0313-0001.jpeg,C:\Users\lohit\Downloads\archive\chest_xray\test\NORMAL\NORMAL2-IM-0313-0001.jpeg,0,NORMAL,test
181,NORMAL2-IM-0315-0001.jpeg,C:\Users\lohit\Downloads\archive\chest_xray\test\NORMAL\NORMAL2-IM-0315-0001.jpeg,0,NORMAL,test
182,NORMAL2-IM-0316-0001.jpeg,C:\Users\lohit\Downloads\archive\chest_xray\test\NORMAL\NORMAL2-IM-0316-0001.jpeg,0,NORMAL,test
183,NORMAL2-IM-0317-0001.jpeg,C:\Users\lohit\Downloads\archive\chest_xray\test\NORMAL\NORMAL2-IM-0317-0001.jpeg,0,NORMAL,test
184,NORMAL2-IM-0319-0001.jpeg,C:\Users\lohit\Downloads\archive\chest_xray\test\NORMAL\NORMAL2-IM-0319-0001.jpeg,0,NORMAL,test
185,NORMAL2-IM-0321-0001.jpeg,C:\Users\lohit\Downloads\archive\chest_xray\test\NORMAL\NORMAL2-IM-0321-0001.jpeg,0,NORMAL,test
186,NORMAL2-IM-0322-0001.jpeg,C:\Users\lohit\Downloads\archive\chest_xray\test\NORMAL\NORMAL2-IM-0322-0001.jpeg,0,NORMAL,test
187,NORMAL2-IM-0323-0001.jpeg,C:\Users\lohit\Downloads\archive\chest_xray\test\NORMAL\NORMAL2-IM-0323-0001.jpeg,0,NORMAL,test
188,NORMAL2-IM-0325-0001.jpeg,C:\Users\lohit\Downloads\archive\chest_xray\test\NORMAL\NORMAL2-IM-0325-0001.jpeg,0,NORMAL,test
189,NORMAL2-IM-0326-0001.jpeg,C:\Users\lohit\Downloads\archive\chest_xray\test\NORMAL\NORMAL2-IM-0326-0001.jpeg,0,NORMAL,test
190,NORMAL2-IM-0327-0001.jpeg,C:\Users\lohit\Downloads\archive\chest_xray\test\NORMAL\NORMAL2-IM-0327-0001.jpeg,0,NORMAL,test
191,NORMAL2-IM-0328-0001.jpeg,C:\Users\lohit\Downloads\archive\chest_xray\test\NORMAL\NORMAL2-IM-0328-0001.jpeg,0,NORMAL,test
192,NORMAL2-IM-0329-0001.jpeg,C:\Users\lohit\Downloads\archive\chest_xray\test\NORMAL\NORMAL2-IM-0329-0001.jpeg,0,NORMAL,test
193,NORMAL2-IM-0330-0001.jpeg,C:\Users\lohit\Downloads\archive\chest_xray\test\NORMAL\NORMAL2-IM-0330-0001.jpeg,0,NORMAL,test
194,NORMAL2-IM-0331-0001.jpeg,C:\Users\lohit\Downloads\archive\chest_xray\test\NORMAL\NORMAL2-IM-0331-0001.jpeg,0,NORMAL,test
195,NORMAL2-IM-0332-0001.jpeg,C:\Users\lohit\Downloads\archive\chest_xray\test\NORMAL\NORMAL2-IM-0332-0001.jpeg,0,NORMAL,test
196,NORMAL2-IM-0333-0001.jpeg,C:\Users\lohit\Downloads\archive\chest_xray\test\NORMAL\NORMAL2-IM-0333-0001.jpeg,0,NORMAL,test
197,NORMAL2-IM-0335-0001.jpeg,C:\Users\lohit\Downloads\archive\chest_xray\test\NORMAL\NORMAL2-IM-0335-0001.jpeg,0,NORMAL,test
198,NORMAL2-IM-0336-0001.jpeg,C:\Users\lohit\Downloads\archive\chest_xray\test\NORMAL\NORMAL2-IM-0336-0001.jpeg,0,NORMAL,test
199,NORMAL2-IM-0337-0001.jpeg,C:\Users\lohit\Downloads\archive\chest_xray\test\NORMAL\NORMAL2-IM-0337-0001.jpeg,0,NORMAL,test
200,NORMAL2-IM-0338-0001.jpeg,C:\Users\lohit\Downloads\archive\chest_xray\test\NORMAL\NORMAL2-IM-0338-0001.jpeg,0,NORMAL,test
201,NORMAL2-IM-0339-0001.jpeg,C:\Users\lohit\Downloads\archive\chest_xray\test\NORMAL\NORMAL2-IM-0339-0001.jpeg,0,NORMAL,test
202,NORMAL2-IM-0340-0001.jpeg,C:\Users\lohit\Downloads\archive\chest_xray\test\NORMAL\NORMAL2-IM-0340-0001.jpeg,0,NORMAL,test
203,NORMAL2-IM-0341-0001.jpeg,C:\Users\lohit\Downloads\archive\chest_xray\test\NORMAL\NORMAL2-IM-0341-0001.jpeg,0,NORMAL,test
204,NORMAL2-IM-0343-0001.jpeg,C:\Users\lohit\Downloads\archive\chest_xray\test\NORMAL\NORMAL2-IM-0343-0001.jpeg,0,NORMAL,test
205,NORMAL2-IM-0345-0001.jpeg,C:\Users\lohit\Downloads\archive\chest_xray\test\NORMAL\NORMAL2-IM-0345-0001.jpeg,0,NORMAL,test
206,NORMAL2-IM-0346-0001.jpeg,C:\Users\lohit\Downloads\archive\chest_xray\test\NORMAL\NORMAL2-IM-0346-0001.jpeg,0,NORMAL,test
207,NORMAL2-IM-0347-0001.jpeg,C:\Users\lohit\Downloads\archive\chest_xray\test\NORMAL\NORMAL2-IM-0347-0001.jpeg,0,NORMAL,test
208,NORMAL2-IM-0348-0001.jpeg,C:\Users\lohit\Downloads\archive\chest_xray\test\NORMAL\NORMAL2-IM-0348-0001.jpeg,0,NORMAL,test
209,NORMAL2-IM-0349-0001.jpeg,C:\Users\lohit\Downloads\archive\chest_xray\test\NORMAL\NORMAL2-IM-0349-0001.jpeg,0,NORMAL,test
210,NORMAL2-IM-0350-0001.jpeg,C:\Users\lohit\Downloads\archive\chest_xray\test\NORMAL\NORMAL2-IM-0350-0001.jpeg,0,NORMAL,test
211,NORMAL2-IM-0351-0001.jpeg,C:\Users\lohit\Downloads\archive\chest_xray\test\NORMAL\NORMAL2-IM-0351-0001.jpeg,0,NORMAL,test
212,NORMAL2-IM-0352-0001.jpeg,C:\Users\lohit\Downloads\archive\chest_xray\test\NORMAL\NORMAL2-IM-0352-0001.jpeg,0,NORMAL,test
213,NORMAL2-IM-0353-0001.jpeg,C:\Users\lohit\Downloads\archive\chest_xray\test\NORMAL\NORMAL2-IM-0353-0001.jpeg,0,NORMAL,test
214,NORMAL2-IM-0354-0001.jpeg,C:\Users\lohit\Downloads\archive\chest_xray\test\NORMAL\NORMAL2-IM-0354-0001.jpeg,0,NORMAL,test
215,NORMAL2-IM-0357-0001.jpeg,C:\Users\lohit\Downloads\archive\chest_xray\test\NORMAL\NORMAL2-IM-0357-0001.jpeg,0,NORMAL,test
216,NORMAL2-IM-0359-0001.jpeg,C:\Users\lohit\Downloads\archive\chest_xray\test\NORMAL\NORMAL2-IM-0359-0001.jpeg,0,NORMAL,test
217,NORMAL2-IM-0360-0001.jpeg,C:\Users\lohit\Downloads\archive\chest_xray\test\NORMAL\NORMAL2-IM-0360-0001.jpeg,0,NORMAL,test
218,NORMAL2-IM-0361-0001.jpeg,C:\Users\lohit\Downloads\archive\chest_xray\test\NORMAL\NORMAL2-IM-0361-0001.jpeg,0,NORMAL,test
219,NORMAL2-IM-0362-0001.jpeg,C:\Users\lohit\Downloads\archive\chest_xray\test\NORMAL\NORMAL2-IM-0362-0001.jpeg,0,NORMAL,test
220,NORMAL2-IM-0364-0001.jpeg,C:\Users\lohit\Downloads\archive\chest_xray\test\NORMAL\NORMAL2-IM-0364-0001.jpeg,0,NORMAL,test
221,NORMAL2-IM-0366-0001.jpeg,C:\Users\lohit\Downloads\archive\chest_xray\test\NORMAL\NORMAL2-IM-0366-0001.jpeg,0,NORMAL,test
222,NORMAL2-IM-0368-0001.jpeg,C:\Users\lohit\Downloads\archive\chest_xray\test\NORMAL\NORMAL2-IM-0368-0001.jpeg,0,NORMAL,test
223,NORMAL2-IM-0369-0001.jpeg,C:\Users\lohit\Downloads\archive\chest_xray\test\NORMAL\NORMAL2-IM-0369-0001.jpeg,0,NORMAL,test
224,NORMAL2-IM-0370-0001.jpeg,C:\Users\lohit\Downloads\archive\chest_xray\test\NORMAL\NORMAL2-IM-0370-0001.jpeg,0,NORMAL,test
225,NORMAL2-IM-0372-0001.jpeg,C:\Users\lohit\Downloads\archive\chest_xray\test\NORMAL\NORMAL2-IM-0372-0001.jpeg,0,NORMAL,test
226,NORMAL2-IM-0373-0001.jpeg,C:\Users\lohit\Downloads\archive\chest_xray\test\NORMAL\NORMAL2-IM-0373-0001.jpeg,0,NORMAL,test
227,NORMAL2-IM-0374-0001-0001.jpeg,C:\Users\lohit\Downloads\archive\chest_xray\test\NORMAL\NORMAL2-IM-0374-0001-0001.jpeg,0,NORMAL,test
228,NORMAL2-IM-0374-0001-0002.jpeg,C:\Users\lohit\Downloads\archive\chest_xray\test\NORMAL\NORMAL2-IM-0374-0001-0002.jpeg,0,NORMAL,test
229,NORMAL2-IM-0374-0001.jpeg,C:\Users\lohit\Downloads\archive\chest_xray\test\NORMAL\NORMAL2-IM-0374-0001.jpeg,0,NORMAL,test
230,NORMAL2-IM-0376-0001.jpeg,C:\Users\lohit\Downloads\archive\chest_xray\test\NORMAL\NORMAL2-IM-0376-0001.jpeg,0,NORMAL,test
231,NORMAL2-IM-0378-0001.jpeg,C:\Users\lohit\Downloads\archive\chest_xray\test\NORMAL\NORMAL2-IM-0378-0001.jpeg,0,NORMAL,test
232,NORMAL2-IM-0380-0001.jpeg,C:\Users\lohit\Downloads\archive\chest_xray\test\NORMAL\NORMAL2-IM-0380-0001.jpeg,0,NORMAL,test
233,NORMAL2-IM-0381-0001.jpeg,C:\Users\lohit\Downloads\archive\chest_xray\test\NORMAL\NORMAL2-IM-0381-0001.jpeg,0,NORMAL,test
234,person100_bacteria_475.jpeg,C:\Users\lohit\Downloads\archive\chest_xray\test\PNEUMONIA\person100_bacteria_475.jpeg,1,PNEUMONIA,test
235,person100_bacteria_477.jpeg,C:\Users\lohit\Downloads\archive\chest_xray\test\PNEUMONIA\person100_bacteria_477.jpeg,1,PNEUMONIA,test
236,person100_bacteria_478.jpeg,C:\Users\lohit\Downloads\archive\chest_xray\test\PNEUMONIA\person100_bacteria_478.jpeg,1,PNEUMONIA,test
237,person100_bacteria_479.jpeg,C:\Users\lohit\Downloads\archive\chest_xray\test\PNEUMONIA\person100_bacteria_479.jpeg,1,PNEUMONIA,test
238,person100_bacteria_480.jpeg,C:\Users\lohit\Downloads\archive\chest_xray\test\PNEUMONIA\person100_bacteria_480.jpeg,1,PNEUMONIA,test
239,person100_bacteria_481.jpeg,C:\Users\lohit\Downloads\archive\chest_xray\test\PNEUMONIA\person100_bacteria_481.jpeg,1,PNEUMONIA,test
240,person100_bacteria_482.jpeg,C:\Users\lohit\Downloads\archive\chest_xray\test\PNEUMONIA\person100_bacteria_482.jpeg,1,PNEUMONIA,test
241,person101_bacteria_483.jpeg,C:\Users\lohit\Downloads\archive\chest_xray\test\PNEUMONIA\person101_bacteria_483.jpeg,1,PNEUMONIA,test
242,person101_bacteria_484.jpeg,C:\Users\lohit\Downloads\archive\chest_xray\test\PNEUMONIA\person101_bacteria_484.jpeg,1,PNEUMONIA,test
243,person101_bacteria_485.jpeg,C:\Users\lohit\Downloads\archive\chest_xray\test\PNEUMONIA\person101_bacteria_485.jpeg,1,PNEUMONIA,test
244,person101_bacteria_486.jpeg,C:\Users\lohit\Downloads\archive\chest_xray\test\PNEUMONIA\person101_bacteria_486.jpeg,1,PNEUMONIA,test
245,person102_bacteria_487.jpeg,C:\Users\lohit\Downloads\archive\chest_xray\test\PNEUMONIA\person102_bacteria_487.jpeg,1,PNEUMONIA,test
246,person103_bacteria_488.jpeg,C:\Users\lohit\Downloads\archive\chest_xray\test\PNEUMONIA\person103_bacteria_488.jpeg,1,PNEUMONIA,test
247,person103_bacteria_489.jpeg,C:\Users\lohit\Downloads\archive\chest_xray\test\PNEUMONIA\person103_bacteria_489.jpeg,1,PNEUMONIA,test
248,person103_bacteria_490.jpeg,C:\Users\lohit\Downloads\archive\chest_xray\test\PNEUMONIA\person103_bacteria_490.jpeg,1,PNEUMONIA,test
249,person104_bacteria_491.jpeg,C:\Users\lohit\Downloads\archive\chest_xray\test\PNEUMONIA\person104_bacteria_491.jpeg,1,PNEUMONIA,test
250,person104_bacteria_492.jpeg,C:\Users\lohit\Downloads\archive\chest_xray\test\PNEUMONIA\person104_bacteria_492.jpeg,1,PNEUMONIA,test
251,person108_bacteria_504.jpeg,C:\Users\lohit\Downloads\archive\chest_xray\test\PNEUMONIA\person108_bacteria_504.jpeg,1,PNEUMONIA,test
252,person108_bacteria_506.jpeg,C:\Users\lohit\Downloads\archive\chest_xray\test\PNEUMONIA\person108_bacteria_506.jpeg,1,PNEUMONIA,test
253,person108_bacteria_507.jpeg,C:\Users\lohit\Downloads\archive\chest_xray\test\PNEUMONIA\person108_bacteria_507.jpeg,1,PNEUMONIA,test
254,person108_bacteria_511.jpeg,C:\Users\lohit\Downloads\archive\chest_xray\test\PNEUMONIA\person108_bacteria_511.jpeg,1,PNEUMONIA,test
255,person109_bacteria_512.jpeg,C:\Users\lohit\Downloads\archive\chest_xray\test\PNEUMONIA\person109_bacteria_512.jpeg,1,PNEUMONIA,test
256,person109_bacteria_513.jpeg,C:\Users\lohit\Downloads\archive\chest_xray\test\PNEUMONIA\person109_bacteria_513.jpeg,1,PNEUMONIA,test
257,person109_bacteria_517.jpeg,C:\Users\lohit\Downloads\archive\chest_xray\test\PNEUMONIA\person109_bacteria_517.jpeg,1,PNEUMONIA,test
258,person109_bacteria_519.jpeg,C:\Users\lohit\Downloads\archive\chest_xray\test\PNEUMONIA\person109_bacteria_519.jpeg,1,PNEUMONIA,test
259,person109_bacteria_522.jpeg,C:\Users\lohit\Downloads\archive\chest_xray\test\PNEUMONIA\person109_bacteria_522.jpeg,1,PNEUMONIA,test
260,person109_bacteria_523.jpeg,C:\Users\lohit\Downloads\archive\chest_xray\test\PNEUMONIA\person109_bacteria_523.jpeg,1,PNEUMONIA,test
261,person109_bacteria_526.jpeg,C:\Users\lohit\Downloads\archive\chest_xray\test\PNEUMONIA\person109_bacteria_526.jpeg,1,PNEUMONIA,test
262,person109_bacteria_527.jpeg,C:\Users\lohit\Downloads\archive\chest_xray\test\PNEUMONIA\person109_bacteria_527.jpeg,1,PNEUMONIA,test
263,person109_bacteria_528.jpeg,C:\Users\lohit\Downloads\archive\chest_xray\test\PNEUMONIA\person109_bacteria_528.jpeg,1,PNEUMONIA,test
264,person10_virus_35.jpeg,C:\Users\lohit\Downloads\archive\chest_xray\test\PNEUMONIA\person10_virus_35.jpeg,1,PNEUMONIA,test
265,person110_bacteria_531.jpeg,C:\Users\lohit\Downloads\archive\chest_xray\test\PNEUMONIA\person110_bacteria_531.jpeg,1,PNEUMONIA,test
266,person111_bacteria_533.jpeg,C:\Users\lohit\Downloads\archive\chest_xray\test\PNEUMONIA\person111_bacteria_533.jpeg,1,PNEUMONIA,test
267,person111_bacteria_534.jpeg,C:\Users\lohit\Downloads\archive\chest_xray\test\PNEUMONIA\person111_bacteria_534.jpeg,1,PNEUMONIA,test
268,person111_bacteria_535.jpeg,C:\Users\lohit\Downloads\archive\chest_xray\test\PNEUMONIA\person111_bacteria_535.jpeg,1,PNEUMONIA,test
269,person111_bacteria_536.jpeg,C:\Users\lohit\Downloads\archive\chest_xray\test\PNEUMONIA\person111_bacteria_536.jpeg,1,PNEUMONIA,test
270,person111_bacteria_537.jpeg,C:\Users\lohit\Downloads\archive\chest_xray\test\PNEUMONIA\person111_bacteria_537.jpeg,1,PNEUMONIA,test
271,person112_bacteria_538.jpeg,C:\Users\lohit\Downloads\archive\chest_xray\test\PNEUMONIA\person112_bacteria_538.jpeg,1,PNEUMONIA,test
272,person112_bacteria_539.jpeg,C:\Users\lohit\Downloads\archive\chest_xray\test\PNEUMONIA\person112_bacteria_539.jpeg,1,PNEUMONIA,test
273,person113_bacteria_540.jpeg,C:\Users\lohit\Downloads\archive\chest_xray\test\PNEUMONIA\person113_bacteria_540.jpeg,1,PNEUMONIA,test
274,person113_bacteria_541.jpeg,C:\Users\lohit\Downloads\archive\chest_xray\test\PNEUMONIA\person113_bacteria_541.jpeg,1,PNEUMONIA,test
275,person113_bacteria_542.jpeg,C:\Users\lohit\Downloads\archive\chest_xray\test\PNEUMONIA\person113_bacteria_542.jpeg,1,PNEUMONIA,test
276,person113_bacteria_543.jpeg,C:\Users\lohit\Downloads\archive\chest_xray\test\PNEUMONIA\person113_bacteria_543.jpeg,1,PNEUMONIA,test
277,person114_bacteria_544.jpeg,C:\Users\lohit\Downloads\archive\chest_xray\test\PNEUMONIA\person114_bacteria_544.jpeg,1,PNEUMONIA,test
278,person114_bacteria_545.jpeg,C:\Users\lohit\Downloads\archive\chest_xray\test\PNEUMONIA\person114_bacteria_545.jpeg,1,PNEUMONIA,test
279,person114_bacteria_546.jpeg,C:\Users\lohit\Downloads\archive\chest_xray\test\PNEUMONIA\person114_bacteria_546.jpeg,1,PNEUMONIA,test
280,person117_bacteria_553.jpeg,C:\Users\lohit\Downloads\archive\chest_xray\test\PNEUMONIA\person117_bacteria_553.jpeg,1,PNEUMONIA,test
281,person117_bacteria_556.jpeg,C:\Users\lohit\Downloads\archive\chest_xray\test\PNEUMONIA\person117_bacteria_556.jpeg,1,PNEUMONIA,test
282,person117_bacteria_557.jpeg,C:\Users\lohit\Downloads\archive\chest_xray\test\PNEUMONIA\person117_bacteria_557.jpeg,1,PNEUMONIA,test
283,person118_bacteria_559.jpeg,C:\Users\lohit\Downloads\archive\chest_xray\test\PNEUMONIA\person118_bacteria_559.jpeg,1,PNEUMONIA,test
284,person118_bacteria_560.jpeg,C:\Users\lohit\Downloads\archive\chest_xray\test\PNEUMONIA\person118_bacteria_560.jpeg,1,PNEUMONIA,test
285,person119_bacteria_565.jpeg,C:\Users\lohit\Downloads\archive\chest_xray\test\PNEUMONIA\person119_bacteria_565.jpeg,1,PNEUMONIA,test
286,person119_bacteria_566.jpeg,C:\Users\lohit\Downloads\archive\chest_xray\test\PNEUMONIA\person119_bacteria_566.jpeg,1,PNEUMONIA,test
287,person119_bacteria_567.jpeg,C:\Users\lohit\Downloads\archive\chest_xray\test\PNEUMONIA\person119_bacteria_567.jpeg,1,PNEUMONIA,test
288,person119_bacteria_568.jpeg,C:\Users\lohit\Downloads\archive\chest_xray\test\PNEUMONIA\person119_bacteria_568.jpeg,1,PNEUMONIA,test
289,person11_virus_38.jpeg,C:\Users\lohit\Downloads\archive\chest_xray\test\PNEUMONIA\person11_virus_38.jpeg,1,PNEUMONIA,test
290,person120_bacteria_570.jpeg,C:\Users\lohit\Downloads\archive\chest_xray\test\PNEUMONIA\person120_bacteria_570.jpeg,1,PNEUMONIA,test
291,person120_bacteria_571.jpeg,C:\Users\lohit\Downloads\archive\chest_xray\test\PNEUMONIA\person120_bacteria_571.jpeg,1,PNEUMONIA,test
292,person120_bacteria_572.jpeg,C:\Users\lohit\Downloads\archive\chest_xray\test\PNEUMONIA\person120_bacteria_572.jpeg,1,PNEUMONIA,test
293,person120_bacteria_573.jpeg,C:\Users\lohit\Downloads\archive\chest_xray\test\PNEUMONIA\person120_bacteria_573.jpeg,1,PNEUMONIA,test
294,person121_bacteria_575.jpeg,C:\Users\lohit\Downloads\archive\chest_xray\test\PNEUMONIA\person121_bacteria_575.jpeg,1,PNEUMONIA,test
295,person121_bacteria_576.jpeg,C:\Users\lohit\Downloads\archive\chest_xray\test\PNEUMONIA\person121_bacteria_576.jpeg,1,PNEUMONIA,test
296,person121_bacteria_578.jpeg,C:\Users\lohit\Downloads\archive\chest_xray\test\PNEUMONIA\person121_bacteria_578.jpeg,1,PNEUMONIA,test
297,person121_bacteria_579.jpeg,C:\Users\lohit\Downloads\archive\chest_xray\test\PNEUMONIA\person121_bacteria_579.jpeg,1,PNEUMONIA,test
298,person121_bacteria_580.jpeg,C:\Users\lohit\Downloads\archive\chest_xray\test\PNEUMONIA\person121_bacteria_580.jpeg,1,PNEUMONIA,test
299,person122_bacteria_581.jpeg,C:\Users\lohit\Downloads\archive\chest_xray\test\PNEUMONIA\person122_bacteria_581.jpeg,1,PNEUMONIA,test
300,person122_bacteria_582.jpeg,C:\Users\lohit\Downloads\archive\chest_xray\test\PNEUMONIA\person122_bacteria_582.jpeg,1,PNEUMONIA,test
301,person122_bacteria_583.jpeg,C:\Users\lohit\Downloads\archive\chest_xray\test\PNEUMONIA\person122_bacteria_583.jpeg,1,PNEUMONIA,test
302,person122_bacteria_584.jpeg,C:\Users\lohit\Downloads\archive\chest_xray\test\PNEUMONIA\person122_bacteria_584.jpeg,1,PNEUMONIA,test
303,person122_bacteria_585.jpeg,C:\Users\lohit\Downloads\archive\chest_xray\test\PNEUMONIA\person122_bacteria_585.jpeg,1,PNEUMONIA,test
304,person122_bacteria_586.jpeg,C:\Users\lohit\Downloads\archive\chest_xray\test\PNEUMONIA\person122_bacteria_586.jpeg,1,PNEUMONIA,test
305,person123_bacteria_587.jpeg,C:\Users\lohit\Downloads\archive\chest_xray\test\PNEUMONIA\person123_bacteria_587.jpeg,1,PNEUMONIA,test
306,person124_bacteria_589.jpeg,C:\Users\lohit\Downloads\archive\chest_xray\test\PNEUMONIA\person124_bacteria_589.jpeg,1,PNEUMONIA,test
307,person124_bacteria_590.jpeg,C:\Users\lohit\Downloads\archive\chest_xray\test\PNEUMONIA\person124_bacteria_590.jpeg,1,PNEUMONIA,test
308,person124_bacteria_591.jpeg,C:\Users\lohit\Downloads\archive\chest_xray\test\PNEUMONIA\person124_bacteria_591.jpeg,1,PNEUMONIA,test
309,person124_bacteria_592.jpeg,C:\Users\lohit\Downloads\archive\chest_xray\test\PNEUMONIA\person124_bacteria_592.jpeg,1,PNEUMONIA,test
310,person125_bacteria_594.jpeg,C:\Users\lohit\Downloads\archive\chest_xray\test\PNEUMONIA\person125_bacteria_594.jpeg,1,PNEUMONIA,test
311,person125_bacteria_595.jpeg,C:\Users\lohit\Downloads\archive\chest_xray\test\PNEUMONIA\person125_bacteria_595.jpeg,1,PNEUMONIA,test
312,person126_bacteria_598.jpeg,C:\Users\lohit\Downloads\archive\chest_xray\test\PNEUMONIA\person126_bacteria_598.jpeg,1,PNEUMONIA,test
313,person126_bacteria_599.jpeg,C:\Users\lohit\Downloads\archive\chest_xray\test\PNEUMONIA\person126_bacteria_599.jpeg,1,PNEUMONIA,test
314,person126_bacteria_600.jpeg,C:\Users\lohit\Downloads\archive\chest_xray\test\PNEUMONIA\person126_bacteria_600.jpeg,1,PNEUMONIA,test
315,person127_bacteria_602.jpeg,C:\Users\lohit\Downloads\archive\chest_xray\test\PNEUMONIA\person127_bacteria_602.jpeg,1,PNEUMONIA,test
316,person127_bacteria_603.jpeg,C:\Users\lohit\Downloads\archive\chest_xray\test\PNEUMONIA\person127_bacteria_603.jpeg,1,PNEUMONIA,test
317,person127_bacteria_604.jpeg,C:\Users\lohit\Downloads\archive\chest_xray\test\PNEUMONIA\person127_bacteria_604.jpeg,1,PNEUMONIA,test
318,person128_bacteria_605.jpeg,C:\Users\lohit\Downloads\archive\chest_xray\test\PNEUMONIA\person128_bacteria_605.jpeg,1,PNEUMONIA,test
319,person128_bacteria_606.jpeg,C:\Users\lohit\Downloads\archive\chest_xray\test\PNEUMONIA\person128_bacteria_606.jpeg,1,PNEUMONIA,test
320,person128_bacteria_607.jpeg,C:\Users\lohit\Downloads\archive\chest_xray\test\PNEUMONIA\person128_bacteria_607.jpeg,1,PNEUMONIA,test
321,person128_bacteria_608.jpeg,C:\Users\lohit\Downloads\archive\chest_xray\test\PNEUMONIA\person128_bacteria_608.jpeg,1,PNEUMONIA,test
322,person130_bacteria_623.jpeg,C:\Users\lohit\Downloads\archive\chest_xray\test\PNEUMONIA\person130_bacteria_623.jpeg,1,PNEUMONIA,test
323,person130_bacteria_625.jpeg,C:\Users\lohit\Downloads\archive\chest_xray\test\PNEUMONIA\person130_bacteria_625.jpeg,1,PNEUMONIA,test
324,person130_bacteria_626.jpeg,C:\Users\lohit\Downloads\archive\chest_xray\test\PNEUMONIA\person130_bacteria_626.jpeg,1,PNEUMONIA,test
325,person130_bacteria_627.jpeg,C:\Users\lohit\Downloads\archive\chest_xray\test\PNEUMONIA\person130_bacteria_627.jpeg,1,PNEUMONIA,test
326,person130_bacteria_628.jpeg,C:\Users\lohit\Downloads\archive\chest_xray\test\PNEUMONIA\person130_bacteria_628.jpeg,1,PNEUMONIA,test
327,person131_bacteria_629.jpeg,C:\Users\lohit\Downloads\archive\chest_xray\test\PNEUMONIA\person131_bacteria_629.jpeg,1,PNEUMONIA,test
328,person132_bacteria_632.jpeg,C:\Users\lohit\Downloads\archive\chest_xray\test\PNEUMONIA\person132_bacteria_632.jpeg,1,PNEUMONIA,test
329,person133_bacteria_633.jpeg,C:\Users\lohit\Downloads\archive\chest_xray\test\PNEUMONIA\person133_bacteria_633.jpeg,1,PNEUMONIA,test
330,person133_bacteria_634.jpeg,C:\Users\lohit\Downloads\archive\chest_xray\test\PNEUMONIA\person133_bacteria_634.jpeg,1,PNEUMONIA,test
331,person133_bacteria_635.jpeg,C:\Users\lohit\Downloads\archive\chest_xray\test\PNEUMONIA\person133_bacteria_635.jpeg,1,PNEUMONIA,test
332,person133_bacteria_637.jpeg,C:\Users\lohit\Downloads\archive\chest_xray\test\PNEUMONIA\person133_bacteria_637.jpeg,1,PNEUMONIA,test
333,person133_bacteria_638.jpeg,C:\Users\lohit\Downloads\archive\chest_xray\test\PNEUMONIA\person133_bacteria_638.jpeg,1,PNEUMONIA,test
334,person134_bacteria_640.jpeg,C:\Users\lohit\Downloads\archive\chest_xray\test\PNEUMONIA\person134_bacteria_640.jpeg,1,PNEUMONIA,test
335,person134_bacteria_641.jpeg,C:\Users\lohit\Downloads\archive\chest_xray\test\PNEUMONIA\person134_bacteria_641.jpeg,1,PNEUMONIA,test
336,person134_bacteria_642.jpeg,C:\Users\lohit\Downloads\archive\chest_xray\test\PNEUMONIA\person134_bacteria_642.jpeg,1,PNEUMONIA,test
337,person134_bacteria_643.jpeg,C:\Users\lohit\Downloads\archive\chest_xray\test\PNEUMONIA\person134_bacteria_643.jpeg,1,PNEUMONIA,test
338,person134_bacteria_644.jpeg,C:\Users\lohit\Downloads\archive\chest_xray\test\PNEUMONIA\person134_bacteria_644.jpeg,1,PNEUMONIA,test
339,person135_bacteria_646.jpeg,C:\Users\lohit\Downloads\archive\chest_xray\test\PNEUMONIA\person135_bacteria_646.jpeg,1,PNEUMONIA,test
340,person135_bacteria_647.jpeg,C:\Users\lohit\Downloads\archive\chest_xray\test\PNEUMONIA\person135_bacteria_647.jpeg,1,PNEUMONIA,test
341,person136_bacteria_648.jpeg,C:\Users\lohit\Downloads\archive\chest_xray\test\PNEUMONIA\person136_bacteria_648.jpeg,1,PNEUMONIA,test
342,person136_bacteria_649.jpeg,C:\Users\lohit\Downloads\archive\chest_xray\test\PNEUMONIA\person136_bacteria_649.jpeg,1,PNEUMONIA,test
343,person136_bacteria_650.jpeg,C:\Users\lohit\Downloads\archive\chest_xray\test\PNEUMONIA\person136_bacteria_650.jpeg,1,PNEUMONIA,test
344,person136_bacteria_652.jpeg,C:\Users\lohit\Downloads\archive\chest_xray\test\PNEUMONIA\person136_bacteria_652.jpeg,1,PNEUMONIA,test
345,person136_bacteria_654.jpeg,C:\Users\lohit\Downloads\archive\chest_xray\test\PNEUMONIA\person136_bacteria_654.jpeg,1,PNEUMONIA,test
346,person137_bacteria_655.jpeg,C:\Users\lohit\Downloads\archive\chest_xray\test\PNEUMONIA\person137_bacteria_655.jpeg,1,PNEUMONIA,test
347,person138_bacteria_657.jpeg,C:\Users\lohit\Downloads\archive\chest_xray\test\PNEUMONIA\person138_bacteria_657.jpeg,1,PNEUMONIA,test
348,person138_bacteria_658.jpeg,C:\Users\lohit\Downloads\archive\chest_xray\test\PNEUMONIA\person138_bacteria_658.jpeg,1,PNEUMONIA,test
349,person138_bacteria_659.jpeg,C:\Users\lohit\Downloads\archive\chest_xray\test\PNEUMONIA\person138_bacteria_659.jpeg,1,PNEUMONIA,test
350,person139_bacteria_661.jpeg,C:\Users\lohit\Downloads\archive\chest_xray\test\PNEUMONIA\person139_bacteria_661.jpeg,1,PNEUMONIA,test
351,person139_bacteria_662.jpeg,C:\Users\lohit\Downloads\archive\chest_xray\test\PNEUMONIA\person139_bacteria_662.jpeg,1,PNEUMONIA,test
352,person139_bacteria_663.jpeg,C:\Users\lohit\Downloads\archive\chest_xray\test\PNEUMONIA\person139_bacteria_663.jpeg,1,PNEUMONIA,test
353,person139_bacteria_664.jpeg,C:\Users\lohit\Downloads\archive\chest_xray\test\PNEUMONIA\person139_bacteria_664.jpeg,1,PNEUMONIA,test
354,person139_bacteria_665.jpeg,C:\Users\lohit\Downloads\archive\chest_xray\test\PNEUMONIA\person139_bacteria_665.jpeg,1,PNEUMONIA,test
355,person139_bacteria_666.jpeg,C:\Users\lohit\Downloads\archive\chest_xray\test\PNEUMONIA\person139_bacteria_666.jpeg,1,PNEUMONIA,test
356,person140_bacteria_667.jpeg,C:\Users\lohit\Downloads\archive\chest_xray\test\PNEUMONIA\person140_bacteria_667.jpeg,1,PNEUMONIA,test
357,person140_bacteria_668.jpeg,C:\Users\lohit\Downloads\archive\chest_xray\test\PNEUMONIA\person140_bacteria_668.jpeg,1,PNEUMONIA,test
358,person141_bacteria_670.jpeg,C:\Users\lohit\Downloads\archive\chest_xray\test\PNEUMONIA\person141_bacteria_670.jpeg,1,PNEUMONIA,test
359,person141_bacteria_676.jpeg,C:\Users\lohit\Downloads\archive\chest_xray\test\PNEUMONIA\person141_bacteria_676.jpeg,1,PNEUMONIA,test
360,person141_bacteria_677.jpeg,C:\Users\lohit\Downloads\archive\chest_xray\test\PNEUMONIA\person141_bacteria_677.jpeg,1,PNEUMONIA,test
361,person141_bacteria_678.jpeg,C:\Users\lohit\Downloads\archive\chest_xray\test\PNEUMONIA\person141_bacteria_678.jpeg,1,PNEUMONIA,test
362,person141_bacteria_681.jpeg,C:\Users\lohit\Downloads\archive\chest_xray\test\PNEUMONIA\person141_bacteria_681.jpeg,1,PNEUMONIA,test
363,person142_bacteria_682.jpeg,C:\Users\lohit\Downloads\archive\chest_xray\test\PNEUMONIA\person142_bacteria_682.jpeg,1,PNEUMONIA,test
364,person142_bacteria_683.jpeg,C:\Users\lohit\Downloads\archive\chest_xray\test\PNEUMONIA\person142_bacteria_683.jpeg,1,PNEUMONIA,test
365,person142_bacteria_684.jpeg,C:\Users\lohit\Downloads\archive\chest_xray\test\PNEUMONIA\person142_bacteria_684.jpeg,1,PNEUMONIA,test
366,person143_bacteria_687.jpeg,C:\Users\lohit\Downloads\archive\chest_xray\test\PNEUMONIA\person143_bacteria_687.jpeg,1,PNEUMONIA,test
367,person143_bacteria_688.jpeg,C:\Users\lohit\Downloads\archive\chest_xray\test\PNEUMONIA\person143_bacteria_688.jpeg,1,PNEUMONIA,test
368,person143_bacteria_689.jpeg,C:\Users\lohit\Downloads\archive\chest_xray\test\PNEUMONIA\person143_bacteria_689.jpeg,1,PNEUMONIA,test
369,person144_bacteria_690.jpeg,C:\Users\lohit\Downloads\archive\chest_xray\test\PNEUMONIA\person144_bacteria_690.jpeg,1,PNEUMONIA,test
370,person145_bacteria_696.jpeg,C:\Users\lohit\Downloads\archive\chest_xray\test\PNEUMONIA\person145_bacteria_696.jpeg,1,PNEUMONIA,test
371,person146_bacteria_700.jpeg,C:\Users\lohit\Downloads\archive\chest_xray\test\PNEUMONIA\person146_bacteria_700.jpeg,1,PNEUMONIA,test
372,person146_bacteria_703.jpeg,C:\Users\lohit\Downloads\archive\chest_xray\test\PNEUMONIA\person146_bacteria_703.jpeg,1,PNEUMONIA,test
373,person146_bacteria_704.jpeg,C:\Users\lohit\Downloads\archive\chest_xray\test\PNEUMONIA\person146_bacteria_704.jpeg,1,PNEUMONIA,test
374,person147_bacteria_705.jpeg,C:\Users\lohit\Downloads\archive\chest_xray\test\PNEUMONIA\person147_bacteria_705.jpeg,1,PNEUMONIA,test
375,person147_bacteria_706.jpeg,C:\Users\lohit\Downloads\archive\chest_xray\test\PNEUMONIA\person147_bacteria_706.jpeg,1,PNEUMONIA,test
376,person147_bacteria_707.jpeg,C:\Users\lohit\Downloads\archive\chest_xray\test\PNEUMONIA\person147_bacteria_707.jpeg,1,PNEUMONIA,test
377,person147_bacteria_711.jpeg,C:\Users\lohit\Downloads\archive\chest_xray\test\PNEUMONIA\person147_bacteria_711.jpeg,1,PNEUMONIA,test
378,person149_bacteria_713.jpeg,C:\Users\lohit\Downloads\archive\chest_xray\test\PNEUMONIA\person149_bacteria_713.jpeg,1,PNEUMONIA,test
379,person14_virus_44.jpeg,C:\Users\lohit\Downloads\archive\chest_xray\test\PNEUMONIA\person14_virus_44.jpeg,1,PNEUMONIA,test
380,person150_bacteria_715.jpeg,C:\Users\lohit\Downloads\archive\chest_xray\test\PNEUMONIA\person150_bacteria_715.jpeg,1,PNEUMONIA,test
381,person150_bacteria_716.jpeg,C:\Users\lohit\Downloads\archive\chest_xray\test\PNEUMONIA\person150_bacteria_716.jpeg,1,PNEUMONIA,test
382,person150_bacteria_717.jpeg,C:\Users\lohit\Downloads\archive\chest_xray\test\PNEUMONIA\person150_bacteria_717.jpeg,1,PNEUMONIA,test
383,person151_bacteria_718.jpeg,C:\Users\lohit\Downloads\archive\chest_xray\test\PNEUMONIA\person151_bacteria_718.jpeg,1,PNEUMONIA,test
384,person152_bacteria_720.jpeg,C:\Users\lohit\Downloads\archive\chest_xray\test\PNEUMONIA\person152_bacteria_720.jpeg,1,PNEUMONIA,test
385,person152_bacteria_721.jpeg,C:\Users\lohit\Downloads\archive\chest_xray\test\PNEUMONIA\person152_bacteria_721.jpeg,1,PNEUMONIA,test
386,person152_bacteria_722.jpeg,C:\Users\lohit\Downloads\archive\chest_xray\test\PNEUMONIA\person152_bacteria_722.jpeg,1,PNEUMONIA,test
387,person152_bacteria_723.jpeg,C:\Users\lohit\Downloads\archive\chest_xray\test\PNEUMONIA\person152_bacteria_723.jpeg,1,PNEUMONIA,test
388,person152_bacteria_724.jpeg,C:\Users\lohit\Downloads\archive\chest_xray\test\PNEUMONIA\person152_bacteria_724.jpeg,1,PNEUMONIA,test
389,person153_bacteria_725.jpeg,C:\Users\lohit\Downloads\archive\chest_xray\test\PNEUMONIA\person153_bacteria_725.jpeg,1,PNEUMONIA,test
390,person153_bacteria_726.jpeg,C:\Users\lohit\Downloads\archive\chest_xray\test\PNEUMONIA\person153_bacteria_726.jpeg,1,PNEUMONIA,test
391,person154_bacteria_728.jpeg,C:\Users\lohit\Downloads\archive\chest_xray\test\PNEUMONIA\person154_bacteria_728.jpeg,1,PNEUMONIA,test
392,person155_bacteria_729.jpeg,C:\Users\lohit\Downloads\archive\chest_xray\test\PNEUMONIA\person155_bacteria_729.jpeg,1,PNEUMONIA,test
393,person155_bacteria_730.jpeg,C:\Users\lohit\Downloads\archive\chest_xray\test\PNEUMONIA\person155_bacteria_730.jpeg,1,PNEUMONIA,test
394,person155_bacteria_731.jpeg,C:\Users\lohit\Downloads\archive\chest_xray\test\PNEUMONIA\person155_bacteria_731.jpeg,1,PNEUMONIA,test
395,person157_bacteria_735.jpeg,C:\Users\lohit\Downloads\archive\chest_xray\test\PNEUMONIA\person157_bacteria_735.jpeg,1,PNEUMONIA,test
396,person157_bacteria_739.jpeg,C:\Users\lohit\Downloads\archive\chest_xray\test\PNEUMONIA\person157_bacteria_739.jpeg,1,PNEUMONIA,test
397,person157_bacteria_740.jpeg,C:\Users\lohit\Downloads\archive\chest_xray\test\PNEUMONIA\person157_bacteria_740.jpeg,1,PNEUMONIA,test
398,person158_bacteria_742.jpeg,C:\Users\lohit\Downloads\archive\chest_xray\test\PNEUMONIA\person158_bacteria_742.jpeg,1,PNEUMONIA,test
399,person158_bacteria_743.jpeg,C:\Users\lohit\Downloads\archive\chest_xray\test\PNEUMONIA\person158_bacteria_743.jpeg,1,PNEUMONIA,test
400,person158_bacteria_744.jpeg,C:\Users\lohit\Downloads\archive\chest_xray\test\PNEUMONIA\person158_bacteria_744.jpeg,1,PNEUMONIA,test
401,person158_bacteria_745.jpeg,C:\Users\lohit\Downloads\archive\chest_xray\test\PNEUMONIA\person158_bacteria_745.jpeg,1,PNEUMONIA,test
402,person159_bacteria_746.jpeg,C:\Users\lohit\Downloads\archive\chest_xray\test\PNEUMONIA\person159_bacteria_746.jpeg,1,PNEUMONIA,test
403,person159_bacteria_747.jpeg,C:\Users\lohit\Downloads\archive\chest_xray\test\PNEUMONIA\person159_bacteria_747.jpeg,1,PNEUMONIA,test
404,person15_virus_46.jpeg,C:\Users\lohit\Downloads\archive\chest_xray\test\PNEUMONIA\person15_virus_46.jpeg,1,PNEUMONIA,test
405,person1608_virus_2786.jpeg,C:\Users\lohit\Downloads\archive\chest_xray\test\PNEUMONIA\person1608_virus_2786.jpeg,1,PNEUMONIA,test
406,person1610_virus_2793.jpeg,C:\Users\lohit\Downloads\archive\chest_xray\test\PNEUMONIA\person1610_virus_2793.jpeg,1,PNEUMONIA,test
407,person1612_virus_2797.jpeg,C:\Users\lohit\Downloads\archive\chest_xray\test\PNEUMONIA\person1612_virus_2797.jpeg,1,PNEUMONIA,test
408,person1612_virus_2798.jpeg,C:\Users\lohit\Downloads\archive\chest_xray\test\PNEUMONIA\person1612_virus_2798.jpeg,1,PNEUMONIA,test
409,person1613_virus_2799.jpeg,C:\Users\lohit\Downloads\archive\chest_xray\test\PNEUMONIA\person1613_virus_2799.jpeg,1,PNEUMONIA,test
410,person1614_virus_2800.jpeg,C:\Users\lohit\Downloads\archive\chest_xray\test\PNEUMONIA\person1614_virus_2800.jpeg,1,PNEUMONIA,test
411,person1615_virus_2801.jpeg,C:\Users\lohit\Downloads\archive\chest_xray\test\PNEUMONIA\person1615_virus_2801.jpeg,1,PNEUMONIA,test
412,person1616_virus_2802.jpeg,C:\Users\lohit\Downloads\archive\chest_xray\test\PNEUMONIA\person1616_virus_2802.jpeg,1,PNEUMONIA,test
413,person1618_virus_2805.jpeg,C:\Users\lohit\Downloads\archive\chest_xray\test\PNEUMONIA\person1618_virus_2805.jpeg,1,PNEUMONIA,test
414,person1619_virus_2806.jpeg,C:\Users\lohit\Downloads\archive\chest_xray\test\PNEUMONIA\person1619_virus_2806.jpeg,1,PNEUMONIA,test
415,person161_bacteria_757.jpeg,C:\Users\lohit\Downloads\archive\chest_xray\test\PNEUMONIA\person161_bacteria_757.jpeg,1,PNEUMONIA,test
416,person161_bacteria_759.jpeg,C:\Users\lohit\Downloads\archive\chest_xray\test\PNEUMONIA\person161_bacteria_759.jpeg,1,PNEUMONIA,test
417,person161_bacteria_762.jpeg,C:\Users\lohit\Downloads\archive\chest_xray\test\PNEUMONIA\person161_bacteria_762.jpeg,1,PNEUMONIA,test
418,person1620_virus_2807.jpeg,C:\Users\lohit\Downloads\archive\chest_xray\test\PNEUMONIA\person1620_virus_2807.jpeg,1,PNEUMONIA,test
419,person1622_virus_2810.jpeg,C:\Users\lohit\Downloads\archive\chest_xray\test\PNEUMONIA\person1622_virus_2810.jpeg,1,PNEUMONIA,test
420,person1623_virus_2813.jpeg,C:\Users\lohit\Downloads\archive\chest_xray\test\PNEUMONIA\person1623_virus_2813.jpeg,1,PNEUMONIA,test
421,person1625_virus_2817.jpeg,C:\Users\lohit\Downloads\archive\chest_xray\test\PNEUMONIA\person1625_virus_2817.jpeg,1,PNEUMONIA,test
422,person1626_virus_2818.jpeg,C:\Users\lohit\Downloads\archive\chest_xray\test\PNEUMONIA\person1626_virus_2818.jpeg,1,PNEUMONIA,test
423,person1627_virus_2819.jpeg,C:\Users\lohit\Downloads\archive\chest_xray\test\PNEUMONIA\person1627_virus_2819.jpeg,1,PNEUMONIA,test
424,person1628_virus_2821.jpeg,C:\Users\lohit\Downloads\archive\chest_xray\test\PNEUMONIA\person1628_virus_2821.jpeg,1,PNEUMONIA,test
425,person1628_virus_2822.jpeg,C:\Users\lohit\Downloads\archive\chest_xray\test\PNEUMONIA\person1628_virus_2822.jpeg,1,PNEUMONIA,test
426,person1629_virus_2823.jpeg,C:\Users\lohit\Downloads\archive\chest_xray\test\PNEUMONIA\person1629_virus_2823.jpeg,1,PNEUMONIA,test
427,person1631_virus_2826.jpeg,C:\Users\lohit\Downloads\archive\chest_xray\test\PNEUMONIA\person1631_virus_2826.jpeg,1,PNEUMONIA,test
428,person1632_virus_2827.jpeg,C:\Users\lohit\Downloads\archive\chest_xray\test\PNEUMONIA\person1632_virus_2827.jpeg,1,PNEUMONIA,test
429,person1633_virus_2829.jpeg,C:\Users\lohit\Downloads\archive\chest_xray\test\PNEUMONIA\person1633_virus_2829.jpeg,1,PNEUMONIA,test
430,person1634_virus_2830.jpeg,C:\Users\lohit\Downloads\archive\chest_xray\test\PNEUMONIA\person1634_virus_2830.jpeg,1,PNEUMONIA,test
431,person1635_virus_2831.jpeg,C:\Users\lohit\Downloads\archive\chest_xray\test\PNEUMONIA\person1635_virus_2831.jpeg,1,PNEUMONIA,test
432,person1637_virus_2834.jpeg,C:\Users\lohit\Downloads\archive\chest_xray\test\PNEUMONIA\person1637_virus_2834.jpeg,1,PNEUMONIA,test
433,person1640_virus_2839.jpeg,C:\Users\lohit\Downloads\archive\chest_xray\test\PNEUMONIA\person1640_virus_2839.jpeg,1,PNEUMONIA,test
434,person1641_virus_2840.jpeg,C:\Users\lohit\Downloads\archive\chest_xray\test\PNEUMONIA\person1641_virus_2840.jpeg,1,PNEUMONIA,test
435,person1642_virus_2842.jpeg,C:\Users\lohit\Downloads\archive\chest_xray\test\PNEUMONIA\person1642_virus_2842.jpeg,1,PNEUMONIA,test
436,person1643_virus_2843.jpeg,C:\Users\lohit\Downloads\archive\chest_xray\test\PNEUMONIA\person1643_virus_2843.jpeg,1,PNEUMONIA,test
437,person1644_virus_2844.jpeg,C:\Users\lohit\Downloads\archive\chest_xray\test\PNEUMONIA\person1644_virus_2844.jpeg,1,PNEUMONIA,test
438,person1645_virus_2845.jpeg,C:\Users\lohit\Downloads\archive\chest_xray\test\PNEUMONIA\person1645_virus_2845.jpeg,1,PNEUMONIA,test
439,person1647_virus_2848.jpeg,C:\Users\lohit\Downloads\archive\chest_xray\test\PNEUMONIA\person1647_virus_2848.jpeg,1,PNEUMONIA,test
440,person1649_virus_2850.jpeg,C:\Users\lohit\Downloads\archive\chest_xray\test\PNEUMONIA\person1649_virus_2850.jpeg,1,PNEUMONIA,test
441,person1650_virus_2852.jpeg,C:\Users\lohit\Downloads\archive\chest_xray\test\PNEUMONIA\person1650_virus_2852.jpeg,1,PNEUMONIA,test
442,person1650_virus_2854.jpeg,C:\Users\lohit\Downloads\archive\chest_xray\test\PNEUMONIA\person1650_virus_2854.jpeg,1,PNEUMONIA,test
443,person1651_virus_2855.jpeg,C:\Users\lohit\Downloads\archive\chest_xray\test\PNEUMONIA\person1651_virus_2855.jpeg,1,PNEUMONIA,test
444,person1653_virus_2858.jpeg,C:\Users\lohit\Downloads\archive\chest_xray\test\PNEUMONIA\person1653_virus_2858.jpeg,1,PNEUMONIA,test
445,person1653_virus_2859.jpeg,C:\Users\lohit\Downloads\archive\chest_xray\test\PNEUMONIA\person1653_virus_2859.jpeg,1,PNEUMONIA,test
446,person1655_virus_2861.jpeg,C:\Users\lohit\Downloads\archive\chest_xray\test\PNEUMONIA\person1655_virus_2861.jpeg,1,PNEUMONIA,test
447,person1656_virus_2862.jpeg,C:\Users\lohit\Downloads\archive\chest_xray\test\PNEUMONIA\person1656_virus_2862.jpeg,1,PNEUMONIA,test
448,person1657_virus_2864.jpeg,C:\Users\lohit\Downloads\archive\chest_xray\test\PNEUMONIA\person1657_virus_2864.jpeg,1,PNEUMONIA,test
449,person1659_virus_2867.jpeg,C:\Users\lohit\Downloads\archive\chest_xray\test\PNEUMONIA\person1659_virus_2867.jpeg,1,PNEUMONIA,test
450,person1660_virus_2869.jpeg,C:\Users\lohit\Downloads\archive\chest_xray\test\PNEUMONIA\person1660_virus_2869.jpeg,1,PNEUMONIA,test
451,person1661_virus_2872.jpeg,C:\Users\lohit\Downloads\archive\chest_xray\test\PNEUMONIA\person1661_virus_2872.jpeg,1,PNEUMONIA,test
452,person1661_virus_2873.jpeg,C:\Users\lohit\Downloads\archive\chest_xray\test\PNEUMONIA\person1661_virus_2873.jpeg,1,PNEUMONIA,test
453,person1662_virus_2875.jpeg,C:\Users\lohit\Downloads\archive\chest_xray\test\PNEUMONIA\person1662_virus_2875.jpeg,1,PNEUMONIA,test
454,person1663_virus_2876.jpeg,C:\Users\lohit\Downloads\archive\chest_xray\test\PNEUMONIA\person1663_virus_2876.jpeg,1,PNEUMONIA,test
455,person1664_virus_2877.jpeg,C:\Users\lohit\Downloads\archive\chest_xray\test\PNEUMONIA\person1664_virus_2877.jpeg,1,PNEUMONIA,test
456,person1665_virus_2878.jpeg,C:\Users\lohit\Downloads\archive\chest_xray\test\PNEUMONIA\person1665_virus_2878.jpeg,1,PNEUMONIA,test
457,person1667_virus_2881.jpeg,C:\Users\lohit\Downloads\archive\chest_xray\test\PNEUMONIA\person1667_virus_2881.jpeg,1,PNEUMONIA,test
458,person1668_virus_2882.jpeg,C:\Users\lohit\Downloads\archive\chest_xray\test\PNEUMONIA\person1668_virus_2882.jpeg,1,PNEUMONIA,test
459,person1669_virus_2884.jpeg,C:\Users\lohit\Downloads\archive\chest_xray\test\PNEUMONIA\person1669_virus_2884.jpeg,1,PNEUMONIA,test
460,person1669_virus_2885.jpeg,C:\Users\lohit\Downloads\archive\chest_xray\test\PNEUMONIA\person1669_virus_2885.jpeg,1,PNEUMONIA,test
461,person1670_virus_2886.jpeg,C:\Users\lohit\Downloads\archive\chest_xray\test\PNEUMONIA\person1670_virus_2886.jpeg,1,PNEUMONIA,test
462,person1671_virus_2887.jpeg,C:\Users\lohit\Downloads\archive\chest_xray\test\PNEUMONIA\person1671_virus_2887.jpeg,1,PNEUMONIA,test
463,person1672_virus_2888.jpeg,C:\Users\lohit\Downloads\archive\chest_xray\test\PNEUMONIA\person1672_virus_2888.jpeg,1,PNEUMONIA,test
464,person1673_virus_2889.jpeg,C:\Users\lohit\Downloads\archive\chest_xray\test\PNEUMONIA\person1673_virus_2889.jpeg,1,PNEUMONIA,test
465,person1674_virus_2890.jpeg,C:\Users\lohit\Downloads\archive\chest_xray\test\PNEUMONIA\person1674_virus_2890.jpeg,1,PNEUMONIA,test
466,person1675_virus_2891.jpeg,C:\Users\lohit\Downloads\archive\chest_xray\test\PNEUMONIA\person1675_virus_2891.jpeg,1,PNEUMONIA,test
467,person1676_virus_2892.jpeg,C:\Users\lohit\Downloads\archive\chest_xray\test\PNEUMONIA\person1676_virus_2892.jpeg,1,PNEUMONIA,test
468,person1678_virus_2895.jpeg,C:\Users\lohit\Downloads\archive\chest_xray\test\PNEUMONIA\person1678_virus_2895.jpeg,1,PNEUMONIA,test
469,person1679_virus_2896.jpeg,C:\Users\lohit\Downloads\archive\chest_xray\test\PNEUMONIA\person1679_virus_2896.jpeg,1,PNEUMONIA,test
470,person1680_virus_2897.jpeg,C:\Users\lohit\Downloads\archive\chest_xray\test\PNEUMONIA\person1680_virus_2897.jpeg,1,PNEUMONIA,test
471,person1682_virus_2899.jpeg,C:\Users\lohit\Downloads\archive\chest_xray\test\PNEUMONIA\person1682_virus_2899.jpeg,1,PNEUMONIA,test
472,person1685_virus_2903.jpeg,C:\Users\lohit\Downloads\archive\chest_xray\test\PNEUMONIA\person1685_virus_2903.jpeg,1,PNEUMONIA,test
473,person16_virus_47.jpeg,C:\Users\lohit\Downloads\archive\chest_xray\test\PNEUMONIA\person16_virus_47.jpeg,1,PNEUMONIA,test
474,person171_bacteria_826.jpeg,C:\Users\lohit\Downloads\archive\chest_xray\test\PNEUMONIA\person171_bacteria_826.jpeg,1,PNEUMONIA,test
475,person172_bacteria_827.jpeg,C:\Users\lohit\Downloads\archive\chest_xray\test\PNEUMONIA\person172_bacteria_827.jpeg,1,PNEUMONIA,test
476,person172_bacteria_828.jpeg,C:\Users\lohit\Downloads\archive\chest_xray\test\PNEUMONIA\person172_bacteria_828.jpeg,1,PNEUMONIA,test
477,person173_bacteria_829.jpeg,C:\Users\lohit\Downloads\archive\chest_xray\test\PNEUMONIA\person173_bacteria_829.jpeg,1,PNEUMONIA,test
478,person173_bacteria_830.jpeg,C:\Users\lohit\Downloads\archive\chest_xray\test\PNEUMONIA\person173_bacteria_830.jpeg,1,PNEUMONIA,test
479,person173_bacteria_831.jpeg,C:\Users\lohit\Downloads\archive\chest_xray\test\PNEUMONIA\person173_bacteria_831.jpeg,1,PNEUMONIA,test
480,person174_bacteria_832.jpeg,C:\Users\lohit\Downloads\archive\chest_xray\test\PNEUMONIA\person174_bacteria_832.jpeg,1,PNEUMONIA,test
481,person175_bacteria_833.jpeg,C:\Users\lohit\Downloads\archive\chest_xray\test\PNEUMONIA\person175_bacteria_833.jpeg,1,PNEUMONIA,test
482,person175_bacteria_834.jpeg,C:\Users\lohit\Downloads\archive\chest_xray\test\PNEUMONIA\person175_bacteria_834.jpeg,1,PNEUMONIA,test
483,person175_bacteria_835.jpeg,C:\Users\lohit\Downloads\archive\chest_xray\test\PNEUMONIA\person175_bacteria_835.jpeg,1,PNEUMONIA,test
484,person17_virus_48.jpeg,C:\Users\lohit\Downloads\archive\chest_xray\test\PNEUMONIA\person17_virus_48.jpeg,1,PNEUMONIA,test
485,person18_virus_49.jpeg,C:\Users\lohit\Downloads\archive\chest_xray\test\PNEUMONIA\person18_virus_49.jpeg,1,PNEUMONIA,test
486,person19_virus_50.jpeg,C:\Users\lohit\Downloads\archive\chest_xray\test\PNEUMONIA\person19_virus_50.jpeg,1,PNEUMONIA,test
487,person1_virus_11.jpeg,C:\Users\lohit\Downloads\archive\chest_xray\test\PNEUMONIA\person1_virus_11.jpeg,1,PNEUMONIA,test
488,person1_virus_12.jpeg,C:\Users\lohit\Downloads\archive\chest_xray\test\PNEUMONIA\person1_virus_12.jpeg,1,PNEUMONIA,test
489,person1_virus_13.jpeg,C:\Users\lohit\Downloads\archive\chest_xray\test\PNEUMONIA\person1_virus_13.jpeg,1,PNEUMONIA,test
490,person1_virus_6.jpeg,C:\Users\lohit\Downloads\archive\chest_xray\test\PNEUMONIA\person1_virus_6.jpeg,1,PNEUMONIA,test
491,person1_virus_7.jpeg,C:\Users\lohit\Downloads\archive\chest_xray\test\PNEUMONIA\person1_virus_7.jpeg,1,PNEUMONIA,test
492,person1_virus_8.jpeg,C:\Users\lohit\Downloads\archive\chest_xray\test\PNEUMONIA\person1_virus_8.jpeg,1,PNEUMONIA,test
493,person1_virus_9.jpeg,C:\Users\lohit\Downloads\archive\chest_xray\test\PNEUMONIA\person1_virus_9.jpeg,1,PNEUMONIA,test
494,person20_virus_51.jpeg,C:\Users\lohit\Downloads\archive\chest_xray\test\PNEUMONIA\person20_virus_51.jpeg,1,PNEUMONIA,test
495,person21_virus_52.jpeg,C:\Users\lohit\Downloads\archive\chest_xray\test\PNEUMONIA\person21_virus_52.jpeg,1,PNEUMONIA,test
496,person21_virus_53.jpeg,C:\Users\lohit\Downloads\archive\chest_xray\test\PNEUMONIA\person21_virus_53.jpeg,1,PNEUMONIA,test
497,person22_virus_54.jpeg,C:\Users\lohit\Downloads\archive\chest_xray\test\PNEUMONIA\person22_virus_54.jpeg,1,PNEUMONIA,test
498,person22_virus_55.jpeg,C:\Users\lohit\Downloads\archive\chest_xray\test\PNEUMONIA\person22_virus_55.jpeg,1,PNEUMONIA,test
499,person23_virus_56.jpeg,C:\Users\lohit\Downloads\archive\chest_xray\test\PNEUMONIA\person23_virus_56.jpeg,1,PNEUMONIA,test
500,person24_virus_58.jpeg,C:\Users\lohit\Downloads\archive\chest_xray\test\PNEUMONIA\person24_virus_58.jpeg,1,PNEUMONIA,test
501,person25_virus_59.jpeg,C:\Users\lohit\Downloads\archive\chest_xray\test\PNEUMONIA\person25_virus_59.jpeg,1,PNEUMONIA,test
502,person26_virus_60.jpeg,C:\Users\lohit\Downloads\archive\chest_xray\test\PNEUMONIA\person26_virus_60.jpeg,1,PNEUMONIA,test
503,person28_virus_62.jpeg,C:\Users\lohit\Downloads\archive\chest_xray\test\PNEUMONIA\person28_virus_62.jpeg,1,PNEUMONIA,test
504,person28_virus_63.jpeg,C:\Users\lohit\Downloads\archive\chest_xray\test\PNEUMONIA\person28_virus_63.jpeg,1,PNEUMONIA,test
505,person29_virus_64.jpeg,C:\Users\lohit\Downloads\archive\chest_xray\test\PNEUMONIA\person29_virus_64.jpeg,1,PNEUMONIA,test
506,person30_virus_69.jpeg,C:\Users\lohit\Downloads\archive\chest_xray\test\PNEUMONIA\person30_virus_69.jpeg,1,PNEUMONIA,test
507,person31_virus_70.jpeg,C:\Users\lohit\Downloads\archive\chest_xray\test\PNEUMONIA\person31_virus_70.jpeg,1,PNEUMONIA,test
508,person32_virus_71.jpeg,C:\Users\lohit\Downloads\archive\chest_xray\test\PNEUMONIA\person32_virus_71.jpeg,1,PNEUMONIA,test
509,person33_virus_72.jpeg,C:\Users\lohit\Downloads\archive\chest_xray\test\PNEUMONIA\person33_virus_72.jpeg,1,PNEUMONIA,test
510,person34_virus_76.jpeg,C:\Users\lohit\Downloads\archive\chest_xray\test\PNEUMONIA\person34_virus_76.jpeg,1,PNEUMONIA,test
511,person35_virus_80.jpeg,C:\Users\lohit\Downloads\archive\chest_xray\test\PNEUMONIA\person35_virus_80.jpeg,1,PNEUMONIA,test
512,person36_virus_81.jpeg,C:\Users\lohit\Downloads\archive\chest_xray\test\PNEUMONIA\person36_virus_81.jpeg,1,PNEUMONIA,test
513,person37_virus_82.jpeg,C:\Users\lohit\Downloads\archive\chest_xray\test\PNEUMONIA\person37_virus_82.jpeg,1,PNEUMONIA,test
514,person38_virus_83.jpeg,C:\Users\lohit\Downloads\archive\chest_xray\test\PNEUMONIA\person38_virus_83.jpeg,1,PNEUMONIA,test
515,person38_virus_84.jpeg,C:\Users\lohit\Downloads\archive\chest_xray\test\PNEUMONIA\person38_virus_84.jpeg,1,PNEUMONIA,test
516,person39_virus_85.jpeg,C:\Users\lohit\Downloads\archive\chest_xray\test\PNEUMONIA\person39_virus_85.jpeg,1,PNEUMONIA,test
517,person3_virus_15.jpeg,C:\Users\lohit\Downloads\archive\chest_xray\test\PNEUMONIA\person3_virus_15.jpeg,1,PNEUMONIA,test
518,person3_virus_16.jpeg,C:\Users\lohit\Downloads\archive\chest_xray\test\PNEUMONIA\person3_virus_16.jpeg,1,PNEUMONIA,test
519,person3_virus_17.jpeg,C:\Users\lohit\Downloads\archive\chest_xray\test\PNEUMONIA\person3_virus_17.jpeg,1,PNEUMONIA,test
520,person40_virus_87.jpeg,C:\Users\lohit\Downloads\archive\chest_xray\test\PNEUMONIA\person40_virus_87.jpeg,1,PNEUMONIA,test
521,person41_virus_88.jpeg,C:\Users\lohit\Downloads\archive\chest_xray\test\PNEUMONIA\person41_virus_88.jpeg,1,PNEUMONIA,test
522,person42_virus_89.jpeg,C:\Users\lohit\Downloads\archive\chest_xray\test\PNEUMONIA\person42_virus_89.jpeg,1,PNEUMONIA,test
523,person43_virus_92.jpeg,C:\Users\lohit\Downloads\archive\chest_xray\test\PNEUMONIA\person43_virus_92.jpeg,1,PNEUMONIA,test
524,person44_virus_93.jpeg,C:\Users\lohit\Downloads\archive\chest_xray\test\PNEUMONIA\person44_virus_93.jpeg,1,PNEUMONIA,test
525,person44_virus_94.jpeg,C:\Users\lohit\Downloads\archive\chest_xray\test\PNEUMONIA\person44_virus_94.jpeg,1,PNEUMONIA,test
526,person45_virus_95.jpeg,C:\Users\lohit\Downloads\archive\chest_xray\test\PNEUMONIA\person45_virus_95.jpeg,1,PNEUMONIA,test
527,person46_virus_96.jpeg,C:\Users\lohit\Downloads\archive\chest_xray\test\PNEUMONIA\person46_virus_96.jpeg,1,PNEUMONIA,test
528,person47_virus_99.jpeg,C:\Users\lohit\Downloads\archive\chest_xray\test\PNEUMONIA\person47_virus_99.jpeg,1,PNEUMONIA,test
529,person48_virus_100.jpeg,C:\Users\lohit\Downloads\archive\chest_xray\test\PNEUMONIA\person48_virus_100.jpeg,1,PNEUMONIA,test
530,person49_virus_101.jpeg,C:\Users\lohit\Downloads\archive\chest_xray\test\PNEUMONIA\person49_virus_101.jpeg,1,PNEUMONIA,test
531,person50_virus_102.jpeg,C:\Users\lohit\Downloads\archive\chest_xray\test\PNEUMONIA\person50_virus_102.jpeg,1,PNEUMONIA,test
532,person51_virus_105.jpeg,C:\Users\lohit\Downloads\archive\chest_xray\test\PNEUMONIA\person51_virus_105.jpeg,1,PNEUMONIA,test
533,person52_virus_106.jpeg,C:\Users\lohit\Downloads\archive\chest_xray\test\PNEUMONIA\person52_virus_106.jpeg,1,PNEUMONIA,test
534,person53_virus_107.jpeg,C:\Users\lohit\Downloads\archive\chest_xray\test\PNEUMONIA\person53_virus_107.jpeg,1,PNEUMONIA,test
535,person53_virus_108.jpeg,C:\Users\lohit\Downloads\archive\chest_xray\test\PNEUMONIA\person53_virus_108.jpeg,1,PNEUMONIA,test
536,person54_virus_109.jpeg,C:\Users\lohit\Downloads\archive\chest_xray\test\PNEUMONIA\person54_virus_109.jpeg,1,PNEUMONIA,test
537,person55_virus_110.jpeg,C:\Users\lohit\Downloads\archive\chest_xray\test\PNEUMONIA\person55_virus_110.jpeg,1,PNEUMONIA,test
538,person56_virus_112.jpeg,C:\Users\lohit\Downloads\archive\chest_xray\test\PNEUMONIA\person56_virus_112.jpeg,1,PNEUMONIA,test
539,person57_virus_113.jpeg,C:\Users\lohit\Downloads\archive\chest_xray\test\PNEUMONIA\person57_virus_113.jpeg,1,PNEUMONIA,test
540,person59_virus_116.jpeg,C:\Users\lohit\Downloads\archive\chest_xray\test\PNEUMONIA\person59_virus_116.jpeg,1,PNEUMONIA,test
541,person60_virus_117.jpeg,C:\Users\lohit\Downloads\archive\chest_xray\test\PNEUMONIA\person60_virus_117.jpeg,1,PNEUMONIA,test
542,person61_virus_118.jpeg,C:\Users\lohit\Downloads\archive\chest_xray\test\PNEUMONIA\person61_virus_118.jpeg,1,PNEUMONIA,test
543,person62_virus_119.jpeg,C:\Users\lohit\Downloads\archive\chest_xray\test\PNEUMONIA\person62_virus_119.jpeg,1,PNEUMONIA,test
544,person63_virus_121.jpeg,C:\Users\lohit\Downloads\archive\chest_xray\test\PNEUMONIA\person63_virus_121.jpeg,1,PNEUMONIA,test
545,person64_virus_122.jpeg,C:\Users\lohit\Downloads\archive\chest_xray\test\PNEUMONIA\person64_virus_122.jpeg,1,PNEUMONIA,test
546,person65_virus_123.jpeg,C:\Users\lohit\Downloads\archive\chest_xray\test\PNEUMONIA\person65_virus_123.jpeg,1,PNEUMONIA,test
547,person66_virus_125.jpeg,C:\Users\lohit\Downloads\archive\chest_xray\test\PNEUMONIA\person66_virus_125.jpeg,1,PNEUMONIA,test
548,person67_virus_126.jpeg,C:\Users\lohit\Downloads\archive\chest_xray\test\PNEUMONIA\person67_virus_126.jpeg,1,PNEUMONIA,test
549,person69_virus_129.jpeg,C:\Users\lohit\Downloads\archive\chest_xray\test\PNEUMONIA\person69_virus_129.jpeg,1,PNEUMONIA,test
550,person70_virus_130.jpeg,C:\Users\lohit\Downloads\archive\chest_xray\test\PNEUMONIA\person70_virus_130.jpeg,1,PNEUMONIA,test
551,person71_virus_131.jpeg,C:\Users\lohit\Downloads\archive\chest_xray\test\PNEUMONIA\person71_virus_131.jpeg,1,PNEUMONIA,test
552,person71_virus_132.jpeg,C:\Users\lohit\Downloads\archive\chest_xray\test\PNEUMONIA\person71_virus_132.jpeg,1,PNEUMONIA,test
553,person72_virus_133.jpeg,C:\Users\lohit\Downloads\archive\chest_xray\test\PNEUMONIA\person72_virus_133.jpeg,1,PNEUMONIA,test
554,person74_virus_135.jpeg,C:\Users\lohit\Downloads\archive\chest_xray\test\PNEUMONIA\person74_virus_135.jpeg,1,PNEUMONIA,test
555,person75_virus_136.jpeg,C:\Users\lohit\Downloads\archive\chest_xray\test\PNEUMONIA\person75_virus_136.jpeg,1,PNEUMONIA,test
556,person76_virus_138.jpeg,C:\Users\lohit\Downloads\archive\chest_xray\test\PNEUMONIA\person76_virus_138.jpeg,1,PNEUMONIA,test
557,person77_virus_139.jpeg,C:\Users\lohit\Downloads\archive\chest_xray\test\PNEUMONIA\person77_virus_139.jpeg,1,PNEUMONIA,test
558,person78_bacteria_378.jpeg,C:\Users\lohit\Downloads\archive\chest_xray\test\PNEUMONIA\person78_bacteria_378.jpeg,1,PNEUMONIA,test
559,person78_bacteria_380.jpeg,C:\Users\lohit\Downloads\archive\chest_xray\test\PNEUMONIA\person78_bacteria_380.jpeg,1,PNEUMONIA,test
560,person78_bacteria_381.jpeg,C:\Users\lohit\Downloads\archive\chest_xray\test\PNEUMONIA\person78_bacteria_381.jpeg,1,PNEUMONIA,test
561,person78_bacteria_382.jpeg,C:\Users\lohit\Downloads\archive\chest_xray\test\PNEUMONIA\person78_bacteria_382.jpeg,1,PNEUMONIA,test
562,person78_bacteria_384.jpeg,C:\Users\lohit\Downloads\archive\chest_xray\test\PNEUMONIA\person78_bacteria_384.jpeg,1,PNEUMONIA,test
563,person78_bacteria_385.jpeg,C:\Users\lohit\Downloads\archive\chest_xray\test\PNEUMONIA\person78_bacteria_385.jpeg,1,PNEUMONIA,test
564,person78_bacteria_386.jpeg,C:\Users\lohit\Downloads\archive\chest_xray\test\PNEUMONIA\person78_bacteria_386.jpeg,1,PNEUMONIA,test
565,person78_bacteria_387.jpeg,C:\Users\lohit\Downloads\archive\chest_xray\test\PNEUMONIA\person78_bacteria_387.jpeg,1,PNEUMONIA,test
566,person78_virus_140.jpeg,C:\Users\lohit\Downloads\archive\chest_xray\test\PNEUMONIA\person78_virus_140.jpeg,1,PNEUMONIA,test
567,person79_virus_148.jpeg,C:\Users\lohit\Downloads\archive\chest_xray\test\PNEUMONIA\person79_virus_148.jpeg,1,PNEUMONIA,test
568,person80_bacteria_389.jpeg,C:\Users\lohit\Downloads\archive\chest_xray\test\PNEUMONIA\person80_bacteria_389.jpeg,1,PNEUMONIA,test
569,person80_bacteria_390.jpeg,C:\Users\lohit\Downloads\archive\chest_xray\test\PNEUMONIA\person80_bacteria_390.jpeg,1,PNEUMONIA,test
570,person80_bacteria_391.jpeg,C:\Users\lohit\Downloads\archive\chest_xray\test\PNEUMONIA\person80_bacteria_391.jpeg,1,PNEUMONIA,test
571,person80_bacteria_392.jpeg,C:\Users\lohit\Downloads\archive\chest_xray\test\PNEUMONIA\person80_bacteria_392.jpeg,1,PNEUMONIA,test
572,person80_bacteria_393.jpeg,C:\Users\lohit\Downloads\archive\chest_xray\test\PNEUMONIA\person80_bacteria_393.jpeg,1,PNEUMONIA,test
573,person81_bacteria_395.jpeg,C:\Users\lohit\Downloads\archive\chest_xray\test\PNEUMONIA\person81_bacteria_395.jpeg,1,PNEUMONIA,test
574,person81_bacteria_396.jpeg,C:\Users\lohit\Downloads\archive\chest_xray\test\PNEUMONIA\person81_bacteria_396.jpeg,1,PNEUMONIA,test
575,person81_bacteria_397.jpeg,C:\Users\lohit\Downloads\archive\chest_xray\test\PNEUMONIA\person81_bacteria_397.jpeg,1,PNEUMONIA,test
576,person81_bacteria_398.jpeg,C:\Users\lohit\Downloads\archive\chest_xray\test\PNEUMONIA\person81_bacteria_398.jpeg,1,PNEUMONIA,test
577,person82_bacteria_402.jpeg,C:\Users\lohit\Downloads\archive\chest_xray\test\PNEUMONIA\person82_bacteria_402.jpeg,1,PNEUMONIA,test
578,person82_bacteria_403.jpeg,C:\Users\lohit\Downloads\archive\chest_xray\test\PNEUMONIA\person82_bacteria_403.jpeg,1,PNEUMONIA,test
579,person82_bacteria_404.jpeg,C:\Users\lohit\Downloads\archive\chest_xray\test\PNEUMONIA\person82_bacteria_404.jpeg,1,PNEUMONIA,test
580,person82_bacteria_405.jpeg,C:\Users\lohit\Downloads\archive\chest_xray\test\PNEUMONIA\person82_bacteria_405.jpeg,1,PNEUMONIA,test
581,person83_bacteria_407.jpeg,C:\Users\lohit\Downloads\archive\chest_xray\test\PNEUMONIA\person83_bacteria_407.jpeg,1,PNEUMONIA,test
582,person83_bacteria_409.jpeg,C:\Users\lohit\Downloads\archive\chest_xray\test\PNEUMONIA\person83_bacteria_409.jpeg,1,PNEUMONIA,test
583,person83_bacteria_410.jpeg,C:\Users\lohit\Downloads\archive\chest_xray\test\PNEUMONIA\person83_bacteria_410.jpeg,1,PNEUMONIA,test
584,person83_bacteria_411.jpeg,C:\Users\lohit\Downloads\archive\chest_xray\test\PNEUMONIA\person83_bacteria_411.jpeg,1,PNEUMONIA,test
585,person83_bacteria_412.jpeg,C:\Users\lohit\Downloads\archive\chest_xray\test\PNEUMONIA\person83_bacteria_412.jpeg,1,PNEUMONIA,test
586,person83_bacteria_414.jpeg,C:\Users\lohit\Downloads\archive\chest_xray\test\PNEUMONIA\person83_bacteria_414.jpeg,1,PNEUMONIA,test
587,person85_bacteria_417.jpeg,C:\Users\lohit\Downloads\archive\chest_xray\test\PNEUMONIA\person85_bacteria_417.jpeg,1,PNEUMONIA,test
588,person85_bacteria_419.jpeg,C:\Users\lohit\Downloads\archive\chest_xray\test\PNEUMONIA\person85_bacteria_419.jpeg,1,PNEUMONIA,test
589,person85_bacteria_421.jpeg,C:\Users\lohit\Downloads\archive\chest_xray\test\PNEUMONIA\person85_bacteria_421.jpeg,1,PNEUMONIA,test
590,person85_bacteria_422.jpeg,C:\Users\lohit\Downloads\archive\chest_xray\test\PNEUMONIA\person85_bacteria_422.jpeg,1,PNEUMONIA,test
591,person85_bacteria_423.jpeg,C:\Users\lohit\Downloads\archive\chest_xray\test\PNEUMONIA\person85_bacteria_423.jpeg,1,PNEUMONIA,test
592,person85_bacteria_424.jpeg,C:\Users\lohit\Downloads\archive\chest_xray\test\PNEUMONIA\person85_bacteria_424.jpeg,1,PNEUMONIA,test
593,person86_bacteria_428.jpeg,C:\Users\lohit\Downloads\archive\chest_xray\test\PNEUMONIA\person86_bacteria_428.jpeg,1,PNEUMONIA,test
594,person86_bacteria_429.jpeg,C:\Users\lohit\Downloads\archive\chest_xray\test\PNEUMONIA\person86_bacteria_429.jpeg,1,PNEUMONIA,test
595,person87_bacteria_433.jpeg,C:\Users\lohit\Downloads\archive\chest_xray\test\PNEUMONIA\person87_bacteria_433.jpeg,1,PNEUMONIA,test
596,person87_bacteria_434.jpeg,C:\Users\lohit\Downloads\archive\chest_xray\test\PNEUMONIA\person87_bacteria_434.jpeg,1,PNEUMONIA,test
597,person88_bacteria_437.jpeg,C:\Users\lohit\Downloads\archive\chest_xray\test\PNEUMONIA\person88_bacteria_437.jpeg,1,PNEUMONIA,test
598,person88_bacteria_438.jpeg,C:\Users\lohit\Downloads\archive\chest_xray\test\PNEUMONIA\person88_bacteria_438.jpeg,1,PNEUMONIA,test
599,person88_bacteria_439.jpeg,C:\Users\lohit\Downloads\archive\chest_xray\test\PNEUMONIA\person88_bacteria_439.jpeg,1,PNEUMONIA,test
600,person89_bacteria_440.jpeg,C:\Users\lohit\Downloads\archive\chest_xray\test\PNEUMONIA\person89_bacteria_440.jpeg,1,PNEUMONIA,test
601,person8_virus_27.jpeg,C:\Users\lohit\Downloads\archive\chest_xray\test\PNEUMONIA\person8_virus_27.jpeg,1,PNEUMONIA,test
602,person8_virus_28.jpeg,C:\Users\lohit\Downloads\archive\chest_xray\test\PNEUMONIA\person8_virus_28.jpeg,1,PNEUMONIA,test
603,person90_bacteria_442.jpeg,C:\Users\lohit\Downloads\archive\chest_xray\test\PNEUMONIA\person90_bacteria_442.jpeg,1,PNEUMONIA,test
604,person90_bacteria_443.jpeg,C:\Users\lohit\Downloads\archive\chest_xray\test\PNEUMONIA\person90_bacteria_443.jpeg,1,PNEUMONIA,test
605,person91_bacteria_445.jpeg,C:\Users\lohit\Downloads\archive\chest_xray\test\PNEUMONIA\person91_bacteria_445.jpeg,1,PNEUMONIA,test
606,person91_bacteria_446.jpeg,C:\Users\lohit\Downloads\archive\chest_xray\test\PNEUMONIA\person91_bacteria_446.jpeg,1,PNEUMONIA,test
607,person91_bacteria_447.jpeg,C:\Users\lohit\Downloads\archive\chest_xray\test\PNEUMONIA\person91_bacteria_447.jpeg,1,PNEUMONIA,test
608,person91_bacteria_448.jpeg,C:\Users\lohit\Downloads\archive\chest_xray\test\PNEUMONIA\person91_bacteria_448.jpeg,1,PNEUMONIA,test
609,person91_bacteria_449.jpeg,C:\Users\lohit\Downloads\archive\chest_xray\test\PNEUMONIA\person91_bacteria_449.jpeg,1,PNEUMONIA,test
610,person92_bacteria_450.jpeg,C:\Users\lohit\Downloads\archive\chest_xray\test\PNEUMONIA\person92_bacteria_450.jpeg,1,PNEUMONIA,test
611,person92_bacteria_451.jpeg,C:\Users\lohit\Downloads\archive\chest_xray\test\PNEUMONIA\person92_bacteria_451.jpeg,1,PNEUMONIA,test
612,person93_bacteria_453.jpeg,C:\Users\lohit\Downloads\archive\chest_xray\test\PNEUMONIA\person93_bacteria_453.jpeg,1,PNEUMONIA,test
613,person93_bacteria_454.jpeg,C:\Users\lohit\Downloads\archive\chest_xray\test\PNEUMONIA\person93_bacteria_454.jpeg,1,PNEUMONIA,test
614,person94_bacteria_456.jpeg,C:\Users\lohit\Downloads\archive\chest_xray\test\PNEUMONIA\person94_bacteria_456.jpeg,1,PNEUMONIA,test
615,person94_bacteria_457.jpeg,C:\Users\lohit\Downloads\archive\chest_xray\test\PNEUMONIA\person94_bacteria_457.jpeg,1,PNEUMONIA,test
616,person94_bacteria_458.jpeg,C:\Users\lohit\Downloads\archive\chest_xray\test\PNEUMONIA\person94_bacteria_458.jpeg,1,PNEUMONIA,test
617,person95_bacteria_463.jpeg,C:\Users\lohit\Downloads\archive\chest_xray\test\PNEUMONIA\person95_bacteria_463.jpeg,1,PNEUMONIA,test
618,person96_bacteria_464.jpeg,C:\Users\lohit\Downloads\archive\chest_xray\test\PNEUMONIA\person96_bacteria_464.jpeg,1,PNEUMONIA,test
619,person96_bacteria_465.jpeg,C:\Users\lohit\Downloads\archive\chest_xray\test\PNEUMONIA\person96_bacteria_465.jpeg,1,PNEUMONIA,test
620,person96_bacteria_466.jpeg,C:\Users\lohit\Downloads\archive\chest_xray\test\PNEUMONIA\person96_bacteria_466.jpeg,1,PNEUMONIA,test
621,person97_bacteria_468.jpeg,C:\Users\lohit\Downloads\archive\chest_xray\test\PNEUMONIA\person97_bacteria_468.jpeg,1,PNEUMONIA,test
622,person99_bacteria_473.jpeg,C:\Users\lohit\Downloads\archive\chest_xray\test\PNEUMONIA\person99_bacteria_473.jpeg,1,PNEUMONIA,test
623,person99_bacteria_474.jpeg,C:\Users\lohit\Downloads\archive\chest_xray\test\PNEUMONIA\person99_bacteria_474.jpeg,1,PNEUMONIA,test
